arm	module	obj_bytes	text_bytes	rodata_bytes	blob_bytes	link_secs	gas	exports	error	per_export
ref	AutomataDcapAttestationFee/benchmarks_single-file_AutomataDcapAttestationFee.sol.Asn1Decode.optimized.ll	16056	1372	449	1333	0.029041708097793162	3755	2		{"'call'": ('ran (201 hostcalls)', 1808, 201), "'deploy'": ('ran (201 hostcalls)', 1947, 201)}
ref	AutomataDcapAttestationFee/benchmarks_single-file_AutomataDcapAttestationFee.sol.AutomataDcapAttestationFee.optimized.ll								compile: ExpandIntegerResult #0: t14: i256 = llvm.riscv.revive.exp TargetConstant:i64<11971>, Constant:i256<16>, t13	
ref	AutomataDcapAttestationFee/benchmarks_single-file_AutomataDcapAttestationFee.sol.BELE.optimized.ll	16048	1372	449	1333	0.017616875004023314	3755	2		{"'call'": ('ran (201 hostcalls)', 1808, 201), "'deploy'": ('ran (201 hostcalls)', 1947, 201)}
ref	AutomataDcapAttestationFee/benchmarks_single-file_AutomataDcapAttestationFee.sol.BytesUtils.optimized.ll	16056	1372	449	1333	0.011619166005402803	3755	2		{"'call'": ('ran (201 hostcalls)', 1808, 201), "'deploy'": ('ran (201 hostcalls)', 1947, 201)}
ref	AutomataDcapAttestationFee/benchmarks_single-file_AutomataDcapAttestationFee.sol.DateTimeLib.optimized.ll	16056	1372	449	1333	0.012394541990943253	3755	2		{"'call'": ('ran (201 hostcalls)', 1808, 201), "'deploy'": ('ran (201 hostcalls)', 1947, 201)}
ref	AutomataDcapAttestationFee/benchmarks_single-file_AutomataDcapAttestationFee.sol.DateTimeUtils.optimized.ll	16056	1372	449	1333	0.015672042034566402	3755	2		{"'call'": ('ran (201 hostcalls)', 1808, 201), "'deploy'": ('ran (201 hostcalls)', 1947, 201)}
ref	AutomataDcapAttestationFee/benchmarks_single-file_AutomataDcapAttestationFee.sol.EnclaveIdentityHelper.optimized.ll	166304	50628	657		0.019970999914221466			link: ERROR: failed to link "/var/folders/q3/6k5957fd0d1b1gn0t9gmr0380000gn/T/tmp9ael438n.ll.o": found undefined symbol: '__lshrti3'	
ref	AutomataDcapAttestationFee/benchmarks_single-file_AutomataDcapAttestationFee.sol.FmspcTcbHelper.optimized.ll								compile: ExpandIntegerResult #0: t90: i256 = llvm.riscv.revive.exp TargetConstant:i64<11971>, Constant:i256<256>, Constant:i256<1	
ref	AutomataDcapAttestationFee/benchmarks_single-file_AutomataDcapAttestationFee.sol.JSONParserLib.optimized.ll	16056	1372	449	1333	0.00968937505967915	3755	2		{"'call'": ('ran (201 hostcalls)', 1808, 201), "'deploy'": ('ran (201 hostcalls)', 1947, 201)}
ref	AutomataDcapAttestationFee/benchmarks_single-file_AutomataDcapAttestationFee.sol.LibBytes.optimized.ll	16048	1372	449	1333	0.016226583044044673	3755	2		{"'call'": ('ran (201 hostcalls)', 1808, 201), "'deploy'": ('ran (201 hostcalls)', 1947, 201)}
ref	AutomataDcapAttestationFee/benchmarks_single-file_AutomataDcapAttestationFee.sol.LibString.optimized.ll	16056	1372	449	1333	0.044139583013020456	3755	2		{"'call'": ('ran (201 hostcalls)', 1808, 201), "'deploy'": ('ran (201 hostcalls)', 1947, 201)}
ref	AutomataDcapAttestationFee/benchmarks_single-file_AutomataDcapAttestationFee.sol.NodePtr.optimized.ll	16048	1372	449	1333	0.01518866594415158	3755	2		{"'call'": ('ran (201 hostcalls)', 1808, 201), "'deploy'": ('ran (201 hostcalls)', 1947, 201)}
ref	AutomataDcapAttestationFee/benchmarks_single-file_AutomataDcapAttestationFee.sol.OutputLib.optimized.ll	16056	1372	449	1333	0.028459624969400465	3755	2		{"'call'": ('ran (201 hostcalls)', 1808, 201), "'deploy'": ('ran (201 hostcalls)', 1947, 201)}
ref	AutomataDcapAttestationFee/benchmarks_single-file_AutomataDcapAttestationFee.sol.ReceiptClaimLib.optimized.ll	16056	1372	449	1333	0.027382917003706098	3755	2		{"'call'": ('ran (201 hostcalls)', 1808, 201), "'deploy'": ('ran (201 hostcalls)', 1947, 201)}
ref	AutomataDcapAttestationFee/benchmarks_single-file_AutomataDcapAttestationFee.sol.SystemStateLib.optimized.ll	16056	1372	449	1333	0.01905350002925843	3755	2		{"'call'": ('ran (201 hostcalls)', 1808, 201), "'deploy'": ('ran (201 hostcalls)', 1947, 201)}
ref	AutomataDcapAttestationFee/benchmarks_single-file_AutomataDcapAttestationFee.sol.X509CRLHelper.optimized.ll								compile: ExpandIntegerResult #0: t16: i256 = llvm.riscv.revive.exp TargetConstant:i64<11971>, Constant:i256<256>, t13	
ref	AutomataDcapAttestationFee/benchmarks_single-file_AutomataDcapAttestationFee.sol.X509Helper.optimized.ll								compile: ExpandIntegerResult #0: t17: i256 = llvm.riscv.revive.exp TargetConstant:i64<11971>, Constant:i256<256>, t16	
ref	DaimoP256Verifier/benchmarks_single-file_DaimoP256Verifier.sol.DaimoP256Verifier.optimized.ll								compile: ExpandIntegerResult #0: t15: i256 = llvm.riscv.revive.mulmod TargetConstant:i64<11972>, Constant:i256<-26959946660873538	
ref	ERC20/benchmarks_single-file_ERC20.sol.ERC20.optimized.ll	76792	21032	585		0.012880000052973628			link: ERROR: failed to link "/var/folders/q3/6k5957fd0d1b1gn0t9gmr0380000gn/T/tmpv7nnsn8q.ll.o": found undefined symbol: '__ashlti3'	
ref	ERC20Factory/benchmarks_single-file_ERC20Factory.sol.ERC20.optimized.ll	76800	21032	585		0.00960270909126848			link: ERROR: failed to link "/var/folders/q3/6k5957fd0d1b1gn0t9gmr0380000gn/T/tmpn5v8xlf4.ll.o": found undefined symbol: '__ashlti3'	
ref	ERC20Factory/benchmarks_single-file_ERC20Factory.sol.ERC20Factory.optimized.ll	23144	3376	481		0.013823040993884206			link: ERROR: failed to link "/var/folders/q3/6k5957fd0d1b1gn0t9gmr0380000gn/T/tmpedoyi2xj.ll.o": found undefined symbol: 'benchmarks/single-file/ERC20Factory.sol:ERC2	
ref	Festival/benchmarks_single-file_Festival.sol.Arrays.optimized.ll	16032	1372	449	1333	0.013398708077147603	3755	2		{"'call'": ('ran (201 hostcalls)', 1808, 201), "'deploy'": ('ran (201 hostcalls)', 1947, 201)}
ref	Festival/benchmarks_single-file_Festival.sol.Bytes.optimized.ll	16032	1372	449	1333	0.010674084071069956	3755	2		{"'call'": ('ran (201 hostcalls)', 1808, 201), "'deploy'": ('ran (201 hostcalls)', 1947, 201)}
ref	Festival/benchmarks_single-file_Festival.sol.Comparators.optimized.ll	16040	1372	449	1333	0.013455583015456796	3755	2		{"'call'": ('ran (201 hostcalls)', 1808, 201), "'deploy'": ('ran (201 hostcalls)', 1947, 201)}
ref	Festival/benchmarks_single-file_Festival.sol.ERC721Utils.optimized.ll	16040	1372	449	1333	0.01034754200372845	3755	2		{"'call'": ('ran (201 hostcalls)', 1808, 201), "'deploy'": ('ran (201 hostcalls)', 1947, 201)}
ref	Festival/benchmarks_single-file_Festival.sol.EnumerableSet.optimized.ll	16040	1372	449	1333	0.01573900005314499	3755	2		{"'call'": ('ran (201 hostcalls)', 1808, 201), "'deploy'": ('ran (201 hostcalls)', 1947, 201)}
ref	Festival/benchmarks_single-file_Festival.sol.Festival.optimized.ll	335488	92104	1337		0.012325917021371424			link: ERROR: failed to link "/var/folders/q3/6k5957fd0d1b1gn0t9gmr0380000gn/T/tmpxtgrl9aa.ll.o": found undefined symbol: '__ashlti3'	
ref	Festival/benchmarks_single-file_Festival.sol.FestivalSession.optimized.ll	270936	72280	1241		0.010873166029341519			link: ERROR: failed to link "/var/folders/q3/6k5957fd0d1b1gn0t9gmr0380000gn/T/tmpy7u28wie.ll.o": found undefined symbol: '__ashlti3'	
ref	Festival/benchmarks_single-file_Festival.sol.Math.optimized.ll	16032	1372	449	1333	0.0116672080475837	3755	2		{"'call'": ('ran (201 hostcalls)', 1808, 201), "'deploy'": ('ran (201 hostcalls)', 1947, 201)}
ref	Festival/benchmarks_single-file_Festival.sol.Panic.optimized.ll	16032	1372	449	1333	0.01205837493762374	3755	2		{"'call'": ('ran (201 hostcalls)', 1808, 201), "'deploy'": ('ran (201 hostcalls)', 1947, 201)}
ref	Festival/benchmarks_single-file_Festival.sol.SafeCast.optimized.ll	16032	1372	449	1333	0.0071331249782815576	3755	2		{"'call'": ('ran (201 hostcalls)', 1808, 201), "'deploy'": ('ran (201 hostcalls)', 1947, 201)}
ref	Festival/benchmarks_single-file_Festival.sol.SignedMath.optimized.ll	16032	1372	449	1333	0.011255874997004867	3755	2		{"'call'": ('ran (201 hostcalls)', 1808, 201), "'deploy'": ('ran (201 hostcalls)', 1947, 201)}
ref	Festival/benchmarks_single-file_Festival.sol.SlotDerivation.optimized.ll	16040	1372	449	1333	0.012173332972452044	3755	2		{"'call'": ('ran (201 hostcalls)', 1808, 201), "'deploy'": ('ran (201 hostcalls)', 1947, 201)}
ref	Festival/benchmarks_single-file_Festival.sol.StorageSlot.optimized.ll	16040	1372	449	1333	0.022355875000357628	3755	2		{"'call'": ('ran (201 hostcalls)', 1808, 201), "'deploy'": ('ran (201 hostcalls)', 1947, 201)}
ref	Festival/benchmarks_single-file_Festival.sol.Strings.optimized.ll	16032	1372	449	1333	0.019997333060018718	3755	2		{"'call'": ('ran (201 hostcalls)', 1808, 201), "'deploy'": ('ran (201 hostcalls)', 1947, 201)}
ref	FiatTokenV1/benchmarks_single-file_FiatTokenV1.sol.Address.optimized.ll	16032	1372	449	1333	0.010692583047784865	3755	2		{"'call'": ('ran (201 hostcalls)', 1808, 201), "'deploy'": ('ran (201 hostcalls)', 1947, 201)}
ref	FiatTokenV1/benchmarks_single-file_FiatTokenV1.sol.ECRecover.optimized.ll	16040	1372	449	1333	0.01074299996253103	3755	2		{"'call'": ('ran (201 hostcalls)', 1808, 201), "'deploy'": ('ran (201 hostcalls)', 1947, 201)}
ref	FiatTokenV1/benchmarks_single-file_FiatTokenV1.sol.EIP712.optimized.ll	16032	1372	449	1333	0.010805416968651116	3755	2		{"'call'": ('ran (201 hostcalls)', 1808, 201), "'deploy'": ('ran (201 hostcalls)', 1947, 201)}
ref	FiatTokenV1/benchmarks_single-file_FiatTokenV1.sol.EIP712Domain.optimized.ll	17360	1634	449	1709	0.0075619579292833805	28788	2		{"'call'": ('ran (201 hostcalls)', 14412, 201), "'deploy'": ('ran (201 hostcalls)', 14376, 201)}
ref	FiatTokenV1/benchmarks_single-file_FiatTokenV1.sol.FiatTokenV1.optimized.ll	207520	50104	1841		0.009216333040967584			link: ERROR: failed to link "/var/folders/q3/6k5957fd0d1b1gn0t9gmr0380000gn/T/tmpysea0wzc.ll.o": found undefined symbol: '__lshrti3'	
ref	FiatTokenV1/benchmarks_single-file_FiatTokenV1.sol.FiatTokenV1_1.optimized.ll	217672	47184	1969		0.013085792073979974			link: ERROR: failed to link "/var/folders/q3/6k5957fd0d1b1gn0t9gmr0380000gn/T/tmpuwrh3gsw.ll.o": found undefined symbol: '__ashlti3'	
ref	FiatTokenV1/benchmarks_single-file_FiatTokenV1.sol.FiatTokenV2.optimized.ll	310832	72526	2465		0.006923416978679597			link: ERROR: failed to link "/var/folders/q3/6k5957fd0d1b1gn0t9gmr0380000gn/T/tmp_5sbfs5y.ll.o": found undefined symbol: 'benchmarks/single-file/FiatTokenV1.sol:Signa	
ref	FiatTokenV1/benchmarks_single-file_FiatTokenV1.sol.FiatTokenV2_1.optimized.ll	314784	73248	2465		0.012012084014713764			link: ERROR: failed to link "/var/folders/q3/6k5957fd0d1b1gn0t9gmr0380000gn/T/tmpoyjfea6z.ll.o": found undefined symbol: 'benchmarks/single-file/FiatTokenV1.sol:Signa	
ref	FiatTokenV1/benchmarks_single-file_FiatTokenV1.sol.FiatTokenV2_2.optimized.ll	322560	75914	2689		0.012164041982032359			link: ERROR: failed to link "/var/folders/q3/6k5957fd0d1b1gn0t9gmr0380000gn/T/tmpdmksyr0m.ll.o": found undefined symbol: '__ashlti3'	
ref	FiatTokenV1/benchmarks_single-file_FiatTokenV1.sol.MessageHashUtils.optimized.ll	16048	1372	449	1333	0.012026874930597842	3755	2		{"'call'": ('ran (201 hostcalls)', 1808, 201), "'deploy'": ('ran (201 hostcalls)', 1947, 201)}
ref	FiatTokenV1/benchmarks_single-file_FiatTokenV1.sol.Ownable.optimized.ll	24632	3570	545	4613	0.008972332929261029	63696	2		{"'call'": ('ran (201 hostcalls)', 32205, 201), "'deploy'": ('ran (201 hostcalls)', 31491, 201)}
ref	FiatTokenV1/benchmarks_single-file_FiatTokenV1.sol.Pausable.optimized.ll	35800	6084	721	8797	0.009093874949030578	1429	2		{"'call'": ('Trap', 531, 4), "'deploy'": ('Trap', 898, 12)}
ref	FiatTokenV1/benchmarks_single-file_FiatTokenV1.sol.Rescuable.optimized.ll	44088	8464	737	12309	0.015454667038284242	216800	2		{"'call'": ('ran (201 hostcalls)', 109923, 201), "'deploy'": ('ran (201 hostcalls)', 106877, 201)}
ref	FiatTokenV1/benchmarks_single-file_FiatTokenV1.sol.SafeERC20.optimized.ll	16040	1372	449	1333	0.00682991708163172	3755	2		{"'call'": ('ran (201 hostcalls)', 1808, 201), "'deploy'": ('ran (201 hostcalls)', 1947, 201)}
ref	FiatTokenV1/benchmarks_single-file_FiatTokenV1.sol.SafeMath.optimized.ll	16040	1372	449	1333	0.010768958018161356	3755	2		{"'call'": ('ran (201 hostcalls)', 1808, 201), "'deploy'": ('ran (201 hostcalls)', 1947, 201)}
ref	FiatTokenV1/benchmarks_single-file_FiatTokenV1.sol.SignatureChecker.optimized.ll	34960	6992	521	9543	0.009410041966475546	63406	2		{"'call'": ('ran (201 hostcalls)', 32095, 201), "'deploy'": ('ran (201 hostcalls)', 31311, 201)}
ref	Multicall3/benchmarks_single-file_Multicall3.sol.Multicall3.optimized.ll	68912	20850	513	30553	0.025362459011375904	1544	2		{"'call'": ('Trap', 705, 7), "'deploy'": ('Trap', 839, 15)}
ref	P2PMarket/benchmarks_single-file_P2PMarket.sol.P2PMarket.optimized.ll	431576	134632	1025		0.017223750008270144			link: ERROR: failed to link "/var/folders/q3/6k5957fd0d1b1gn0t9gmr0380000gn/T/tmpjr8xuyyi.ll.o": found undefined symbol: '__lshrti3'	
ref	Sha256/benchmarks_single-file_Sha256.sol.Sha256.optimized.ll	36576	7354	705		0.010033249971456826			link: ERROR: failed to link "/var/folders/q3/6k5957fd0d1b1gn0t9gmr0380000gn/T/tmpvfko3_l3.ll.o": found undefined symbol: '__ashlti3'	
ref	SnapshotPCCSRouter/benchmarks_single-file_SnapshotPCCSRouter.sol.Asn1Decode.optimized.ll	16048	1372	449	1333	0.018787333043292165	3755	2		{"'call'": ('ran (201 hostcalls)', 1808, 201), "'deploy'": ('ran (201 hostcalls)', 1947, 201)}
ref	SnapshotPCCSRouter/benchmarks_single-file_SnapshotPCCSRouter.sol.BytesUtils.optimized.ll	16048	1372	449	1333	0.015078832977451384	3755	2		{"'call'": ('ran (201 hostcalls)', 1808, 201), "'deploy'": ('ran (201 hostcalls)', 1947, 201)}
ref	SnapshotPCCSRouter/benchmarks_single-file_SnapshotPCCSRouter.sol.DateTimeLib.optimized.ll	16048	1372	449	1333	0.010144999949261546	3755	2		{"'call'": ('ran (201 hostcalls)', 1808, 201), "'deploy'": ('ran (201 hostcalls)', 1947, 201)}
ref	SnapshotPCCSRouter/benchmarks_single-file_SnapshotPCCSRouter.sol.DateTimeUtils.optimized.ll	16048	1372	449	1333	0.009957707952708006	3755	2		{"'call'": ('ran (201 hostcalls)', 1808, 201), "'deploy'": ('ran (201 hostcalls)', 1947, 201)}
ref	SnapshotPCCSRouter/benchmarks_single-file_SnapshotPCCSRouter.sol.EnclaveIdentityHelper.optimized.ll	166296	50628	657		0.007850333000533283			link: ERROR: failed to link "/var/folders/q3/6k5957fd0d1b1gn0t9gmr0380000gn/T/tmpqpbi0xyf.ll.o": found undefined symbol: '__lshrti3'	
ref	SnapshotPCCSRouter/benchmarks_single-file_SnapshotPCCSRouter.sol.FmspcTcbHelper.optimized.ll								compile: ExpandIntegerResult #0: t90: i256 = llvm.riscv.revive.exp TargetConstant:i64<11971>, Constant:i256<256>, Constant:i256<1	
ref	SnapshotPCCSRouter/benchmarks_single-file_SnapshotPCCSRouter.sol.JSONParserLib.optimized.ll	16048	1372	449	1333	0.009946417063474655	3755	2		{"'call'": ('ran (201 hostcalls)', 1808, 201), "'deploy'": ('ran (201 hostcalls)', 1947, 201)}
ref	SnapshotPCCSRouter/benchmarks_single-file_SnapshotPCCSRouter.sol.LibBytes.optimized.ll	16040	1372	449	1333	0.008402500068768859	3755	2		{"'call'": ('ran (201 hostcalls)', 1808, 201), "'deploy'": ('ran (201 hostcalls)', 1947, 201)}
ref	SnapshotPCCSRouter/benchmarks_single-file_SnapshotPCCSRouter.sol.LibString.optimized.ll	16048	1372	449	1333	0.012048332951962948	3755	2		{"'call'": ('ran (201 hostcalls)', 1808, 201), "'deploy'": ('ran (201 hostcalls)', 1947, 201)}
ref	SnapshotPCCSRouter/benchmarks_single-file_SnapshotPCCSRouter.sol.NodePtr.optimized.ll	16040	1372	449	1333	0.010732832946814597	3755	2		{"'call'": ('ran (201 hostcalls)', 1808, 201), "'deploy'": ('ran (201 hostcalls)', 1947, 201)}
ref	SnapshotPCCSRouter/benchmarks_single-file_SnapshotPCCSRouter.sol.SnapshotPCCSRouter.optimized.ll	250624	52302	3073	73785	0.05049258307553828	9028	2		{"'call'": ('Trap', 8078, 5), "'deploy'": ('Trap', 950, 11)}
ref	SnapshotPCCSRouter/benchmarks_single-file_SnapshotPCCSRouter.sol.X509CRLHelper.optimized.ll								compile: ExpandIntegerResult #0: t16: i256 = llvm.riscv.revive.exp TargetConstant:i64<11971>, Constant:i256<256>, t13	
ref	SnapshotPCCSRouter/benchmarks_single-file_SnapshotPCCSRouter.sol.X509Helper.optimized.ll								compile: ExpandIntegerResult #0: t17: i256 = llvm.riscv.revive.exp TargetConstant:i64<11971>, Constant:i256<256>, t16	
ref	T3rminalDriver/benchmarks_single-file_T3rminalDriver.sol.T3rminalBulletinIndex.optimized.ll	80312	22900	505		0.008399458951316774			link: ERROR: failed to link "/var/folders/q3/6k5957fd0d1b1gn0t9gmr0380000gn/T/tmp77f457kv.ll.o": found undefined symbol: '__ashlti3'	
ref	T3rminalDriver/benchmarks_single-file_T3rminalDriver.sol.T3rminalDriver.optimized.ll	91656	29322	561		0.007931458996608853			link: ERROR: failed to link "/var/folders/q3/6k5957fd0d1b1gn0t9gmr0380000gn/T/tmpjlbuju8o.ll.o": found undefined symbol: '__lshrti3'	
ref	T3rminalDriver/benchmarks_single-file_T3rminalDriver.sol.T3rminalTransactionLog.optimized.ll	267048	79540	857		0.045863375067710876			link: ERROR: failed to link "/var/folders/q3/6k5957fd0d1b1gn0t9gmr0380000gn/T/tmpd8l8fius.ll.o": found undefined symbol: '__ashlti3'	
ref	TetherToken/benchmarks_single-file_TetherToken.sol.SafeMath.optimized.ll	16040	1372	449	1333	0.010362875065766275	3755	2		{"'call'": ('ran (201 hostcalls)', 1808, 201), "'deploy'": ('ran (201 hostcalls)', 1947, 201)}
ref	TetherToken/benchmarks_single-file_TetherToken.sol.TetherBenchmark.optimized.ll	25544	4140	449	5454	0.010022583999671042	15074	2		{"'call'": ('Trap', 187, 3), "'deploy'": ('ran (201 hostcalls)', 14887, 201)}
ref	TetherToken/benchmarks_single-file_TetherToken.sol.TetherToken.optimized.ll								compile: ExpandIntegerResult #0: t42: i256 = llvm.riscv.revive.exp TargetConstant:i64<11971>, Constant:i256<10>, t39	
ref	V5QuoteVerifier/benchmarks_single-file_V5QuoteVerifier.sol.Asn1Decode.optimized.ll	16040	1372	449	1333	0.007597832940518856	3755	2		{"'call'": ('ran (201 hostcalls)', 1808, 201), "'deploy'": ('ran (201 hostcalls)', 1947, 201)}
ref	V5QuoteVerifier/benchmarks_single-file_V5QuoteVerifier.sol.BELE.optimized.ll	16040	1372	449	1333	0.011063457932323217	3755	2		{"'call'": ('ran (201 hostcalls)', 1808, 201), "'deploy'": ('ran (201 hostcalls)', 1947, 201)}
ref	V5QuoteVerifier/benchmarks_single-file_V5QuoteVerifier.sol.Base64.optimized.ll	16040	1372	449	1333	0.009927791077643633	3755	2		{"'call'": ('ran (201 hostcalls)', 1808, 201), "'deploy'": ('ran (201 hostcalls)', 1947, 201)}
ref	V5QuoteVerifier/benchmarks_single-file_V5QuoteVerifier.sol.BytesUtils_0.optimized.ll	16048	1372	449	1333	0.009162208065390587	3755	2		{"'call'": ('ran (201 hostcalls)', 1808, 201), "'deploy'": ('ran (201 hostcalls)', 1947, 201)}
ref	V5QuoteVerifier/benchmarks_single-file_V5QuoteVerifier.sol.BytesUtils_1.optimized.ll	16048	1372	449	1333	0.007457999978214502	3755	2		{"'call'": ('ran (201 hostcalls)', 1808, 201), "'deploy'": ('ran (201 hostcalls)', 1947, 201)}
ref	V5QuoteVerifier/benchmarks_single-file_V5QuoteVerifier.sol.DateTimeLib.optimized.ll	16040	1372	449	1333	0.009512374992482364	3755	2		{"'call'": ('ran (201 hostcalls)', 1808, 201), "'deploy'": ('ran (201 hostcalls)', 1947, 201)}
ref	V5QuoteVerifier/benchmarks_single-file_V5QuoteVerifier.sol.DateTimeUtils.optimized.ll	16048	1372	449	1333	0.007776500075124204	3755	2		{"'call'": ('ran (201 hostcalls)', 1808, 201), "'deploy'": ('ran (201 hostcalls)', 1947, 201)}
ref	V5QuoteVerifier/benchmarks_single-file_V5QuoteVerifier.sol.EnclaveIdentityHelper.optimized.ll	166296	50628	657		0.010263167088851333			link: ERROR: failed to link "/var/folders/q3/6k5957fd0d1b1gn0t9gmr0380000gn/T/tmpmdccf3yv.ll.o": found undefined symbol: '__lshrti3'	
ref	V5QuoteVerifier/benchmarks_single-file_V5QuoteVerifier.sol.FmspcTcbHelper.optimized.ll								compile: ExpandIntegerResult #0: t90: i256 = llvm.riscv.revive.exp TargetConstant:i64<11971>, Constant:i256<256>, Constant:i256<1	
ref	V5QuoteVerifier/benchmarks_single-file_V5QuoteVerifier.sol.JSONParserLib.optimized.ll	16048	1372	449	1333	0.013655874994583428	3755	2		{"'call'": ('ran (201 hostcalls)', 1808, 201), "'deploy'": ('ran (201 hostcalls)', 1947, 201)}
ref	V5QuoteVerifier/benchmarks_single-file_V5QuoteVerifier.sol.LibBytes.optimized.ll	16040	1372	449	1333	0.017940665944479406	3755	2		{"'call'": ('ran (201 hostcalls)', 1808, 201), "'deploy'": ('ran (201 hostcalls)', 1947, 201)}
ref	V5QuoteVerifier/benchmarks_single-file_V5QuoteVerifier.sol.LibString.optimized.ll	16040	1372	449	1333	0.04224524996243417	3755	2		{"'call'": ('ran (201 hostcalls)', 1808, 201), "'deploy'": ('ran (201 hostcalls)', 1947, 201)}
ref	V5QuoteVerifier/benchmarks_single-file_V5QuoteVerifier.sol.NodePtr.optimized.ll	16040	1372	449	1333	0.018370792036876082	3755	2		{"'call'": ('ran (201 hostcalls)', 1808, 201), "'deploy'": ('ran (201 hostcalls)', 1947, 201)}
ref	V5QuoteVerifier/benchmarks_single-file_V5QuoteVerifier.sol.PCKHelper.optimized.ll								compile: ExpandIntegerResult #0: t17: i256 = llvm.riscv.revive.exp TargetConstant:i64<11971>, Constant:i256<256>, t16	
ref	V5QuoteVerifier/benchmarks_single-file_V5QuoteVerifier.sol.V4QuoteVerifier.optimized.ll								compile: ExpandIntegerResult #0: t91: i256 = llvm.riscv.revive.exp TargetConstant:i64<11971>, Constant:i256<256>, Constant:i256<2	
ref	V5QuoteVerifier/benchmarks_single-file_V5QuoteVerifier.sol.V5QuoteVerifier.optimized.ll								compile: ExpandIntegerResult #0: t90: i256 = llvm.riscv.revive.exp TargetConstant:i64<11971>, Constant:i256<256>, Constant:i256<1	
ref	V5QuoteVerifier/benchmarks_single-file_V5QuoteVerifier.sol.X509CRLHelper.optimized.ll								compile: ExpandIntegerResult #0: t16: i256 = llvm.riscv.revive.exp TargetConstant:i64<11971>, Constant:i256<256>, t13	
ref	V5QuoteVerifier/benchmarks_single-file_V5QuoteVerifier.sol.X509Helper.optimized.ll								compile: ExpandIntegerResult #0: t17: i256 = llvm.riscv.revive.exp TargetConstant:i64<11971>, Constant:i256<256>, t16	
ref	WETH9/benchmarks_single-file_WETH9.sol.WETH9.optimized.ll	60624	14882	585	21106	0.011133000021800399	2864	2		{"'call'": ('Trap', 1050, 13), "'deploy'": ('Trap', 1814, 23)}
ref	WETH9/benchmarks_single-file_WETH9.sol.WETHBenchmark.optimized.ll	26416	4510	449	6170	0.012194916955195367	15425	2		{"'call'": ('Trap', 536, 6), "'deploy'": ('ran (201 hostcalls)', 14889, 201)}
ref	XENCrypto/benchmarks_single-file_XENCrypto.sol.ABDKMath64x64.optimized.ll	16040	1372	449	1333	0.00824016600381583	3755	2		{"'call'": ('ran (201 hostcalls)', 1808, 201), "'deploy'": ('ran (201 hostcalls)', 1947, 201)}
ref	XENCrypto/benchmarks_single-file_XENCrypto.sol.BadBurner.optimized.ll	85344	22412	769		0.017596042016521096			link: ERROR: failed to link "/var/folders/q3/6k5957fd0d1b1gn0t9gmr0380000gn/T/tmp26cnalij.ll.o": found undefined symbol: '__ashlti3'	
ref	XENCrypto/benchmarks_single-file_XENCrypto.sol.Burner.optimized.ll	93808	24620	841		0.012267707963474095			link: ERROR: failed to link "/var/folders/q3/6k5957fd0d1b1gn0t9gmr0380000gn/T/tmp_3lfmcnv.ll.o": found undefined symbol: '__ashlti3'	
ref	XENCrypto/benchmarks_single-file_XENCrypto.sol.ERC20.optimized.ll	78560	20922	761		0.01861733291298151			link: ERROR: failed to link "/var/folders/q3/6k5957fd0d1b1gn0t9gmr0380000gn/T/tmpc1k0ye2v.ll.o": found undefined symbol: '__ashlti3'	
ref	XENCrypto/benchmarks_single-file_XENCrypto.sol.RevertingBurner.optimized.ll	85432	22580	777		0.011612667003646493			link: ERROR: failed to link "/var/folders/q3/6k5957fd0d1b1gn0t9gmr0380000gn/T/tmpg0ztjpzl.ll.o": found undefined symbol: '__ashlti3'	
ref	XENCrypto/benchmarks_single-file_XENCrypto.sol.XENCrypto.optimized.ll								compile: ExpandIntegerResult #0: t221: i256 = llvm.riscv.revive.signextend TargetConstant:i64<11973>, t218, Constant:i256<23>	
ref	XENCrypto/benchmarks_single-file_XENCrypto.sol.XENCrypto100001.optimized.ll								compile: ExpandIntegerResult #0: t54: i256 = llvm.riscv.revive.signextend TargetConstant:i64<11973>, t51, Constant:i256<15>	
ref	XENCrypto/benchmarks_single-file_XENCrypto.sol.XENCrypto25mm1.optimized.ll								compile: ExpandIntegerResult #0: t54: i256 = llvm.riscv.revive.signextend TargetConstant:i64<11973>, t51, Constant:i256<15>	
ref	XENCrypto/benchmarks_single-file_XENCrypto.sol.XENCrypto5001.optimized.ll								compile: ExpandIntegerResult #0: t54: i256 = llvm.riscv.revive.signextend TargetConstant:i64<11973>, t51, Constant:i256<15>	
ref	XENCrypto/benchmarks_single-file_XENCrypto.sol.XENMath.optimized.ll								compile: ExpandIntegerResult #0: t17: i256 = llvm.riscv.revive.signextend TargetConstant:i64<11973>, t14, Constant:i256<15>	
no-vsetvli	AutomataDcapAttestationFee/benchmarks_single-file_AutomataDcapAttestationFee.sol.Asn1Decode.optimized.ll	16224	1454	449	1205	0.013712167041376233	3720	2		{"'call'": ('ran (201 hostcalls)', 1808, 201), "'deploy'": ('ran (201 hostcalls)', 1912, 201)}
no-vsetvli	AutomataDcapAttestationFee/benchmarks_single-file_AutomataDcapAttestationFee.sol.AutomataDcapAttestationFee.optimized.ll	95408	18014	2081	24188	0.02360950002912432	48407	2		{"'call'": ('ran (201 hostcalls)', 47186, 201), "'deploy'": ('Trap', 1221, 12)}
no-vsetvli	AutomataDcapAttestationFee/benchmarks_single-file_AutomataDcapAttestationFee.sol.BELE.optimized.ll	16216	1454	449	1205	0.011423874995671213	3720	2		{"'call'": ('ran (201 hostcalls)', 1808, 201), "'deploy'": ('ran (201 hostcalls)', 1912, 201)}
no-vsetvli	AutomataDcapAttestationFee/benchmarks_single-file_AutomataDcapAttestationFee.sol.BytesUtils.optimized.ll	16224	1454	449	1205	0.01197016704827547	3720	2		{"'call'": ('ran (201 hostcalls)', 1808, 201), "'deploy'": ('ran (201 hostcalls)', 1912, 201)}
no-vsetvli	AutomataDcapAttestationFee/benchmarks_single-file_AutomataDcapAttestationFee.sol.DateTimeLib.optimized.ll	16224	1454	449	1205	0.03727541700936854	3720	2		{"'call'": ('ran (201 hostcalls)', 1808, 201), "'deploy'": ('ran (201 hostcalls)', 1912, 201)}
no-vsetvli	AutomataDcapAttestationFee/benchmarks_single-file_AutomataDcapAttestationFee.sol.DateTimeUtils.optimized.ll	16224	1454	449	1205	0.02228679193649441	3720	2		{"'call'": ('ran (201 hostcalls)', 1808, 201), "'deploy'": ('ran (201 hostcalls)', 1912, 201)}
no-vsetvli	AutomataDcapAttestationFee/benchmarks_single-file_AutomataDcapAttestationFee.sol.EnclaveIdentityHelper.optimized.ll	139248	27356	3393	36459	0.02420858305413276	2005660	2		{"'call'": ('ran (201 hostcalls)', 5662, 201), "'deploy'": ('NotEnoughGas', 1999998, 7)}
no-vsetvli	AutomataDcapAttestationFee/benchmarks_single-file_AutomataDcapAttestationFee.sol.FmspcTcbHelper.optimized.ll	233272	48114	4033	65697	0.06472433300223202	2000272	2		{"'call'": ('NotEnoughGas', 1999994, 6), "'deploy'": ('Trap', 278, 5)}
no-vsetvli	AutomataDcapAttestationFee/benchmarks_single-file_AutomataDcapAttestationFee.sol.JSONParserLib.optimized.ll	16224	1454	449	1205	0.020358665962703526	3720	2		{"'call'": ('ran (201 hostcalls)', 1808, 201), "'deploy'": ('ran (201 hostcalls)', 1912, 201)}
no-vsetvli	AutomataDcapAttestationFee/benchmarks_single-file_AutomataDcapAttestationFee.sol.LibBytes.optimized.ll	16216	1454	449	1205	0.030650957953184843	3720	2		{"'call'": ('ran (201 hostcalls)', 1808, 201), "'deploy'": ('ran (201 hostcalls)', 1912, 201)}
no-vsetvli	AutomataDcapAttestationFee/benchmarks_single-file_AutomataDcapAttestationFee.sol.LibString.optimized.ll	16224	1454	449	1205	0.016580124967731535	3720	2		{"'call'": ('ran (201 hostcalls)', 1808, 201), "'deploy'": ('ran (201 hostcalls)', 1912, 201)}
no-vsetvli	AutomataDcapAttestationFee/benchmarks_single-file_AutomataDcapAttestationFee.sol.NodePtr.optimized.ll	16216	1454	449	1205	0.01605154201388359	3720	2		{"'call'": ('ran (201 hostcalls)', 1808, 201), "'deploy'": ('ran (201 hostcalls)', 1912, 201)}
no-vsetvli	AutomataDcapAttestationFee/benchmarks_single-file_AutomataDcapAttestationFee.sol.OutputLib.optimized.ll	16224	1454	449	1205	0.016174041898921132	3720	2		{"'call'": ('ran (201 hostcalls)', 1808, 201), "'deploy'": ('ran (201 hostcalls)', 1912, 201)}
no-vsetvli	AutomataDcapAttestationFee/benchmarks_single-file_AutomataDcapAttestationFee.sol.ReceiptClaimLib.optimized.ll	16224	1454	449	1205	0.01319574995432049	3720	2		{"'call'": ('ran (201 hostcalls)', 1808, 201), "'deploy'": ('ran (201 hostcalls)', 1912, 201)}
no-vsetvli	AutomataDcapAttestationFee/benchmarks_single-file_AutomataDcapAttestationFee.sol.SystemStateLib.optimized.ll	16224	1454	449	1205	0.012247208040207624	3720	2		{"'call'": ('ran (201 hostcalls)', 1808, 201), "'deploy'": ('ran (201 hostcalls)', 1912, 201)}
no-vsetvli	AutomataDcapAttestationFee/benchmarks_single-file_AutomataDcapAttestationFee.sol.X509CRLHelper.optimized.ll	109640	20972	2241	28749	0.026867166976444423	82924	2		{"'call'": ('ran (201 hostcalls)', 41765, 201), "'deploy'": ('ran (201 hostcalls)', 41159, 201)}
no-vsetvli	AutomataDcapAttestationFee/benchmarks_single-file_AutomataDcapAttestationFee.sol.X509Helper.optimized.ll	113536	20774	2625	29761	0.018841334036551416	82918	2		{"'call'": ('ran (201 hostcalls)', 41763, 201), "'deploy'": ('ran (201 hostcalls)', 41155, 201)}
no-vsetvli	DaimoP256Verifier/benchmarks_single-file_DaimoP256Verifier.sol.DaimoP256Verifier.optimized.ll	39960	6530	1409	7550	0.016370791010558605	227117	2		{"'call'": ('ran (201 hostcalls)', 114357, 201), "'deploy'": ('ran (201 hostcalls)', 112760, 201)}
no-vsetvli	ERC20/benchmarks_single-file_ERC20.sol.ERC20.optimized.ll	62064	11604	1089	13952	0.01423412503208965	9616	2		{"'call'": ('ran (201 hostcalls)', 4826, 201), "'deploy'": ('ran (201 hostcalls)', 4790, 201)}
no-vsetvli	ERC20Factory/benchmarks_single-file_ERC20Factory.sol.ERC20.optimized.ll	62072	11604	1089	13952	0.026517709018662572	9616	2		{"'call'": ('ran (201 hostcalls)', 4826, 201), "'deploy'": ('ran (201 hostcalls)', 4790, 201)}
no-vsetvli	ERC20Factory/benchmarks_single-file_ERC20Factory.sol.ERC20Factory.optimized.ll	22976	3034	577		0.008003083989024162			link: ERROR: failed to link "/var/folders/q3/6k5957fd0d1b1gn0t9gmr0380000gn/T/tmpfrb9kpz9.ll.o": found undefined symbol: 'benchmarks/single-file/ERC20Factory.sol:ERC2	
no-vsetvli	Festival/benchmarks_single-file_Festival.sol.Arrays.optimized.ll	16200	1454	449	1205	0.022031417000107467	3720	2		{"'call'": ('ran (201 hostcalls)', 1808, 201), "'deploy'": ('ran (201 hostcalls)', 1912, 201)}
no-vsetvli	Festival/benchmarks_single-file_Festival.sol.Bytes.optimized.ll	16200	1454	449	1205	0.020107457996346056	3720	2		{"'call'": ('ran (201 hostcalls)', 1808, 201), "'deploy'": ('ran (201 hostcalls)', 1912, 201)}
no-vsetvli	Festival/benchmarks_single-file_Festival.sol.Comparators.optimized.ll	16208	1454	449	1205	0.019648707937449217	3720	2		{"'call'": ('ran (201 hostcalls)', 1808, 201), "'deploy'": ('ran (201 hostcalls)', 1912, 201)}
no-vsetvli	Festival/benchmarks_single-file_Festival.sol.ERC721Utils.optimized.ll	16208	1454	449	1205	0.007249000016599894	3720	2		{"'call'": ('ran (201 hostcalls)', 1808, 201), "'deploy'": ('ran (201 hostcalls)', 1912, 201)}
no-vsetvli	Festival/benchmarks_single-file_Festival.sol.EnumerableSet.optimized.ll	16208	1454	449	1205	0.009827041998505592	3720	2		{"'call'": ('ran (201 hostcalls)', 1808, 201), "'deploy'": ('ran (201 hostcalls)', 1912, 201)}
no-vsetvli	Festival/benchmarks_single-file_Festival.sol.Festival.optimized.ll	279488	52916	4865		0.010961333056911826			link: ERROR: failed to link "/var/folders/q3/6k5957fd0d1b1gn0t9gmr0380000gn/T/tmpk554wsdn.ll.o": found undefined symbol: 'benchmarks/single-file/Festival.sol:Festival	
no-vsetvli	Festival/benchmarks_single-file_Festival.sol.FestivalSession.optimized.ll	226712	42006	4001	57100	0.03717637492809445	1217	2		{"'call'": ('Trap', 133, 2), "'deploy'": ('ran (201 hostcalls)', 1084, 201)}
no-vsetvli	Festival/benchmarks_single-file_Festival.sol.Math.optimized.ll	16200	1454	449	1205	0.01183274993672967	3720	2		{"'call'": ('ran (201 hostcalls)', 1808, 201), "'deploy'": ('ran (201 hostcalls)', 1912, 201)}
no-vsetvli	Festival/benchmarks_single-file_Festival.sol.Panic.optimized.ll	16200	1454	449	1205	0.01969054201617837	3720	2		{"'call'": ('ran (201 hostcalls)', 1808, 201), "'deploy'": ('ran (201 hostcalls)', 1912, 201)}
no-vsetvli	Festival/benchmarks_single-file_Festival.sol.SafeCast.optimized.ll	16200	1454	449	1205	0.0144326250301674	3720	2		{"'call'": ('ran (201 hostcalls)', 1808, 201), "'deploy'": ('ran (201 hostcalls)', 1912, 201)}
no-vsetvli	Festival/benchmarks_single-file_Festival.sol.SignedMath.optimized.ll	16200	1454	449	1205	0.006185790989547968	3720	2		{"'call'": ('ran (201 hostcalls)', 1808, 201), "'deploy'": ('ran (201 hostcalls)', 1912, 201)}
no-vsetvli	Festival/benchmarks_single-file_Festival.sol.SlotDerivation.optimized.ll	16208	1454	449	1205	0.014272082946263254	3720	2		{"'call'": ('ran (201 hostcalls)', 1808, 201), "'deploy'": ('ran (201 hostcalls)', 1912, 201)}
no-vsetvli	Festival/benchmarks_single-file_Festival.sol.StorageSlot.optimized.ll	16208	1454	449	1205	0.02345166599843651	3720	2		{"'call'": ('ran (201 hostcalls)', 1808, 201), "'deploy'": ('ran (201 hostcalls)', 1912, 201)}
no-vsetvli	Festival/benchmarks_single-file_Festival.sol.Strings.optimized.ll	16200	1454	449	1205	0.010968416929244995	3720	2		{"'call'": ('ran (201 hostcalls)', 1808, 201), "'deploy'": ('ran (201 hostcalls)', 1912, 201)}
no-vsetvli	FiatTokenV1/benchmarks_single-file_FiatTokenV1.sol.Address.optimized.ll	16200	1454	449	1205	0.010188875021412969	3720	2		{"'call'": ('ran (201 hostcalls)', 1808, 201), "'deploy'": ('ran (201 hostcalls)', 1912, 201)}
no-vsetvli	FiatTokenV1/benchmarks_single-file_FiatTokenV1.sol.ECRecover.optimized.ll	16208	1454	449	1205	0.009662750060670078	3720	2		{"'call'": ('ran (201 hostcalls)', 1808, 201), "'deploy'": ('ran (201 hostcalls)', 1912, 201)}
no-vsetvli	FiatTokenV1/benchmarks_single-file_FiatTokenV1.sol.EIP712.optimized.ll	16200	1454	449	1205	0.07200766704045236	3720	2		{"'call'": ('ran (201 hostcalls)', 1808, 201), "'deploy'": ('ran (201 hostcalls)', 1912, 201)}
no-vsetvli	FiatTokenV1/benchmarks_single-file_FiatTokenV1.sol.EIP712Domain.optimized.ll	17712	1656	481	1526	0.027097875019535422	23014	2		{"'call'": ('ran (201 hostcalls)', 11512, 201), "'deploy'": ('ran (201 hostcalls)', 11502, 201)}
no-vsetvli	FiatTokenV1/benchmarks_single-file_FiatTokenV1.sol.FiatTokenV1.optimized.ll	160016	28194	3553	38998	0.0251372919883579	3999996	2		{"'call'": ('NotEnoughGas', 1999998, 3), "'deploy'": ('NotEnoughGas', 1999998, 12)}
no-vsetvli	FiatTokenV1/benchmarks_single-file_FiatTokenV1.sol.FiatTokenV1_1.optimized.ll	178760	29102	4577	46175	0.027056708000600338	42729	2		{"'call'": ('ran (201 hostcalls)', 21759, 201), "'deploy'": ('ran (201 hostcalls)', 20970, 201)}
no-vsetvli	FiatTokenV1/benchmarks_single-file_FiatTokenV1.sol.FiatTokenV2.optimized.ll	252832	42656	5697		0.017313541960902512			link: ERROR: failed to link "/var/folders/q3/6k5957fd0d1b1gn0t9gmr0380000gn/T/tmp9ipim2uj.ll.o": found undefined symbol: 'benchmarks/single-file/FiatTokenV1.sol:Signa	
no-vsetvli	FiatTokenV1/benchmarks_single-file_FiatTokenV1.sol.FiatTokenV2_1.optimized.ll	256688	43322	5729		0.015740790986455977			link: ERROR: failed to link "/var/folders/q3/6k5957fd0d1b1gn0t9gmr0380000gn/T/tmp67gabedi.ll.o": found undefined symbol: 'benchmarks/single-file/FiatTokenV1.sol:Signa	
no-vsetvli	FiatTokenV1/benchmarks_single-file_FiatTokenV1.sol.FiatTokenV2_2.optimized.ll	264608	45742	6401		0.014476540964096785			link: ERROR: failed to link "/var/folders/q3/6k5957fd0d1b1gn0t9gmr0380000gn/T/tmpmjt44b9r.ll.o": found undefined symbol: 'benchmarks/single-file/FiatTokenV1.sol:Signa	
no-vsetvli	FiatTokenV1/benchmarks_single-file_FiatTokenV1.sol.MessageHashUtils.optimized.ll	16216	1454	449	1205	0.00887641601730138	3720	2		{"'call'": ('ran (201 hostcalls)', 1808, 201), "'deploy'": ('ran (201 hostcalls)', 1912, 201)}
no-vsetvli	FiatTokenV1/benchmarks_single-file_FiatTokenV1.sol.Ownable.optimized.ll	24728	3218	737	3745	0.017740749986842275	30054	2		{"'call'": ('ran (201 hostcalls)', 15132, 201), "'deploy'": ('ran (201 hostcalls)', 14922, 201)}
no-vsetvli	FiatTokenV1/benchmarks_single-file_FiatTokenV1.sol.Pausable.optimized.ll	33976	5102	1121	6227	0.009308333043009043	3999993	2		{"'call'": ('NotEnoughGas', 1999995, 5), "'deploy'": ('NotEnoughGas', 1999998, 13)}
no-vsetvli	FiatTokenV1/benchmarks_single-file_FiatTokenV1.sol.Rescuable.optimized.ll	41064	6486	1217	8540	0.009801000007428229	3999995	2		{"'call'": ('NotEnoughGas', 1999998, 5), "'deploy'": ('NotEnoughGas', 1999997, 11)}
no-vsetvli	FiatTokenV1/benchmarks_single-file_FiatTokenV1.sol.SafeERC20.optimized.ll	16208	1454	449	1205	0.014473875053226948	3720	2		{"'call'": ('ran (201 hostcalls)', 1808, 201), "'deploy'": ('ran (201 hostcalls)', 1912, 201)}
no-vsetvli	FiatTokenV1/benchmarks_single-file_FiatTokenV1.sol.SafeMath.optimized.ll	16208	1454	449	1205	0.014940915978513658	3720	2		{"'call'": ('ran (201 hostcalls)', 1808, 201), "'deploy'": ('ran (201 hostcalls)', 1912, 201)}
no-vsetvli	FiatTokenV1/benchmarks_single-file_FiatTokenV1.sol.SignatureChecker.optimized.ll	33832	5374	1025	6382	0.007587499916553497	3999949	2		{"'call'": ('NotEnoughGas', 1999998, 4), "'deploy'": ('NotEnoughGas', 1999951, 9)}
no-vsetvli	Multicall3/benchmarks_single-file_Multicall3.sol.Multicall3.optimized.ll	57440	11998	897	15005	0.03537704097107053	3999816	2		{"'call'": ('NotEnoughGas', 1999910, 12), "'deploy'": ('NotEnoughGas', 1999906, 15)}
no-vsetvli	P2PMarket/benchmarks_single-file_P2PMarket.sol.P2PMarket.optimized.ll	325056	67438	3553	87167	0.05489054101053625	25175	2		{"'call'": ('Trap', 157, 2), "'deploy'": ('ran (201 hostcalls)', 25018, 201)}
no-vsetvli	Sha256/benchmarks_single-file_Sha256.sol.Sha256.optimized.ll	33216	5824	1217	6244	0.013945250073447824	3999995	2		{"'call'": ('NotEnoughGas', 1999995, 3), "'deploy'": ('NotEnoughGas', 2000000, 6)}
no-vsetvli	SnapshotPCCSRouter/benchmarks_single-file_SnapshotPCCSRouter.sol.Asn1Decode.optimized.ll	16216	1454	449	1205	0.017855332931503654	3720	2		{"'call'": ('ran (201 hostcalls)', 1808, 201), "'deploy'": ('ran (201 hostcalls)', 1912, 201)}
no-vsetvli	SnapshotPCCSRouter/benchmarks_single-file_SnapshotPCCSRouter.sol.BytesUtils.optimized.ll	16216	1454	449	1205	0.01189795893151313	3720	2		{"'call'": ('ran (201 hostcalls)', 1808, 201), "'deploy'": ('ran (201 hostcalls)', 1912, 201)}
no-vsetvli	SnapshotPCCSRouter/benchmarks_single-file_SnapshotPCCSRouter.sol.DateTimeLib.optimized.ll	16216	1454	449	1205	0.009390958002768457	3720	2		{"'call'": ('ran (201 hostcalls)', 1808, 201), "'deploy'": ('ran (201 hostcalls)', 1912, 201)}
no-vsetvli	SnapshotPCCSRouter/benchmarks_single-file_SnapshotPCCSRouter.sol.DateTimeUtils.optimized.ll	16216	1454	449	1205	0.01010766695253551	3720	2		{"'call'": ('ran (201 hostcalls)', 1808, 201), "'deploy'": ('ran (201 hostcalls)', 1912, 201)}
no-vsetvli	SnapshotPCCSRouter/benchmarks_single-file_SnapshotPCCSRouter.sol.EnclaveIdentityHelper.optimized.ll	139240	27356	3393	36459	0.021849874989129603	2005660	2		{"'call'": ('ran (201 hostcalls)', 5662, 201), "'deploy'": ('NotEnoughGas', 1999998, 7)}
no-vsetvli	SnapshotPCCSRouter/benchmarks_single-file_SnapshotPCCSRouter.sol.FmspcTcbHelper.optimized.ll	233240	48114	4033	65675	0.04905216710176319	2000272	2		{"'call'": ('NotEnoughGas', 1999994, 6), "'deploy'": ('Trap', 278, 5)}
no-vsetvli	SnapshotPCCSRouter/benchmarks_single-file_SnapshotPCCSRouter.sol.JSONParserLib.optimized.ll	16216	1454	449	1205	0.009548583999276161	3720	2		{"'call'": ('ran (201 hostcalls)', 1808, 201), "'deploy'": ('ran (201 hostcalls)', 1912, 201)}
no-vsetvli	SnapshotPCCSRouter/benchmarks_single-file_SnapshotPCCSRouter.sol.LibBytes.optimized.ll	16208	1454	449	1205	0.010185542050749063	3720	2		{"'call'": ('ran (201 hostcalls)', 1808, 201), "'deploy'": ('ran (201 hostcalls)', 1912, 201)}
no-vsetvli	SnapshotPCCSRouter/benchmarks_single-file_SnapshotPCCSRouter.sol.LibString.optimized.ll	16216	1454	449	1205	0.009813042008318007	3720	2		{"'call'": ('ran (201 hostcalls)', 1808, 201), "'deploy'": ('ran (201 hostcalls)', 1912, 201)}
no-vsetvli	SnapshotPCCSRouter/benchmarks_single-file_SnapshotPCCSRouter.sol.NodePtr.optimized.ll	16208	1454	449	1205	0.0076311249285936356	3720	2		{"'call'": ('ran (201 hostcalls)', 1808, 201), "'deploy'": ('ran (201 hostcalls)', 1912, 201)}
no-vsetvli	SnapshotPCCSRouter/benchmarks_single-file_SnapshotPCCSRouter.sol.SnapshotPCCSRouter.optimized.ll	188960	29786	5921	44578	0.02451220795046538	3999906	2		{"'call'": ('NotEnoughGas', 1999986, 3), "'deploy'": ('NotEnoughGas', 1999920, 9)}
no-vsetvli	SnapshotPCCSRouter/benchmarks_single-file_SnapshotPCCSRouter.sol.X509CRLHelper.optimized.ll	109632	20972	2241	28749	0.02422762499190867	82924	2		{"'call'": ('ran (201 hostcalls)', 41765, 201), "'deploy'": ('ran (201 hostcalls)', 41159, 201)}
no-vsetvli	SnapshotPCCSRouter/benchmarks_single-file_SnapshotPCCSRouter.sol.X509Helper.optimized.ll	113528	20774	2625	29760	0.019279208034276962	82918	2		{"'call'": ('ran (201 hostcalls)', 41763, 201), "'deploy'": ('ran (201 hostcalls)', 41155, 201)}
no-vsetvli	T3rminalDriver/benchmarks_single-file_T3rminalDriver.sol.T3rminalBulletinIndex.optimized.ll	71432	13446	1057	16279	0.01636504102498293	3999995	2		{"'call'": ('NotEnoughGas', 1999997, 3), "'deploy'": ('NotEnoughGas', 1999998, 9)}
no-vsetvli	T3rminalDriver/benchmarks_single-file_T3rminalDriver.sol.T3rminalDriver.optimized.ll	61272	11778	1249	14867	0.0171177500160411	17288	2		{"'call'": ('Trap', 146, 2), "'deploy'": ('ran (201 hostcalls)', 17142, 201)}
no-vsetvli	T3rminalDriver/benchmarks_single-file_T3rminalDriver.sol.T3rminalTransactionLog.optimized.ll	212256	40142	1953	52130	0.04721687501296401	33516	2		{"'call'": ('ran (201 hostcalls)', 28780, 201), "'deploy'": ('ran (201 hostcalls)', 4736, 201)}
no-vsetvli	TetherToken/benchmarks_single-file_TetherToken.sol.SafeMath.optimized.ll	16208	1454	449	1205	0.009287207969464362	3720	2		{"'call'": ('ran (201 hostcalls)', 1808, 201), "'deploy'": ('ran (201 hostcalls)', 1912, 201)}
no-vsetvli	TetherToken/benchmarks_single-file_TetherToken.sol.TetherBenchmark.optimized.ll	26280	3726	673	4353	0.016872875043191016	31902	2		{"'call'": ('ran (201 hostcalls)', 22217, 201), "'deploy'": ('ran (201 hostcalls)', 9685, 201)}
no-vsetvli	TetherToken/benchmarks_single-file_TetherToken.sol.TetherToken.optimized.ll	123336	24052	2017	31146	0.054375166073441505	5657	2		{"'call'": ('Trap', 675, 10), "'deploy'": ('ran (201 hostcalls)', 4982, 201)}
no-vsetvli	V5QuoteVerifier/benchmarks_single-file_V5QuoteVerifier.sol.Asn1Decode.optimized.ll	16208	1454	449	1205	0.021023540990427136	3720	2		{"'call'": ('ran (201 hostcalls)', 1808, 201), "'deploy'": ('ran (201 hostcalls)', 1912, 201)}
no-vsetvli	V5QuoteVerifier/benchmarks_single-file_V5QuoteVerifier.sol.BELE.optimized.ll	16208	1454	449	1205	0.013155375025235116	3720	2		{"'call'": ('ran (201 hostcalls)', 1808, 201), "'deploy'": ('ran (201 hostcalls)', 1912, 201)}
no-vsetvli	V5QuoteVerifier/benchmarks_single-file_V5QuoteVerifier.sol.Base64.optimized.ll	16208	1454	449	1205	0.013457042048685253	3720	2		{"'call'": ('ran (201 hostcalls)', 1808, 201), "'deploy'": ('ran (201 hostcalls)', 1912, 201)}
no-vsetvli	V5QuoteVerifier/benchmarks_single-file_V5QuoteVerifier.sol.BytesUtils_0.optimized.ll	16216	1454	449	1205	0.013137665926478803	3720	2		{"'call'": ('ran (201 hostcalls)', 1808, 201), "'deploy'": ('ran (201 hostcalls)', 1912, 201)}
no-vsetvli	V5QuoteVerifier/benchmarks_single-file_V5QuoteVerifier.sol.BytesUtils_1.optimized.ll	16216	1454	449	1205	0.017923833103850484	3720	2		{"'call'": ('ran (201 hostcalls)', 1808, 201), "'deploy'": ('ran (201 hostcalls)', 1912, 201)}
no-vsetvli	V5QuoteVerifier/benchmarks_single-file_V5QuoteVerifier.sol.DateTimeLib.optimized.ll	16208	1454	449	1205	0.012466875021345913	3720	2		{"'call'": ('ran (201 hostcalls)', 1808, 201), "'deploy'": ('ran (201 hostcalls)', 1912, 201)}
no-vsetvli	V5QuoteVerifier/benchmarks_single-file_V5QuoteVerifier.sol.DateTimeUtils.optimized.ll	16216	1454	449	1205	0.013756499974988401	3720	2		{"'call'": ('ran (201 hostcalls)', 1808, 201), "'deploy'": ('ran (201 hostcalls)', 1912, 201)}
no-vsetvli	V5QuoteVerifier/benchmarks_single-file_V5QuoteVerifier.sol.EnclaveIdentityHelper.optimized.ll	139240	27356	3393	36459	0.024064875091426075	2005660	2		{"'call'": ('ran (201 hostcalls)', 5662, 201), "'deploy'": ('NotEnoughGas', 1999998, 7)}
no-vsetvli	V5QuoteVerifier/benchmarks_single-file_V5QuoteVerifier.sol.FmspcTcbHelper.optimized.ll	233256	48114	4033	65697	0.03520895808469504	2000272	2		{"'call'": ('NotEnoughGas', 1999994, 6), "'deploy'": ('Trap', 278, 5)}
no-vsetvli	V5QuoteVerifier/benchmarks_single-file_V5QuoteVerifier.sol.JSONParserLib.optimized.ll	16216	1454	449	1205	0.014552375068888068	3720	2		{"'call'": ('ran (201 hostcalls)', 1808, 201), "'deploy'": ('ran (201 hostcalls)', 1912, 201)}
no-vsetvli	V5QuoteVerifier/benchmarks_single-file_V5QuoteVerifier.sol.LibBytes.optimized.ll	16208	1454	449	1205	0.01621800009161234	3720	2		{"'call'": ('ran (201 hostcalls)', 1808, 201), "'deploy'": ('ran (201 hostcalls)', 1912, 201)}
no-vsetvli	V5QuoteVerifier/benchmarks_single-file_V5QuoteVerifier.sol.LibString.optimized.ll	16208	1454	449	1205	0.014699166058562696	3720	2		{"'call'": ('ran (201 hostcalls)', 1808, 201), "'deploy'": ('ran (201 hostcalls)', 1912, 201)}
no-vsetvli	V5QuoteVerifier/benchmarks_single-file_V5QuoteVerifier.sol.NodePtr.optimized.ll	16208	1454	449	1205	0.010733041912317276	3720	2		{"'call'": ('ran (201 hostcalls)', 1808, 201), "'deploy'": ('ran (201 hostcalls)', 1912, 201)}
no-vsetvli	V5QuoteVerifier/benchmarks_single-file_V5QuoteVerifier.sol.PCKHelper.optimized.ll	134432	24922	3041	34889	0.020267416955903172	83867	2		{"'call'": ('ran (201 hostcalls)', 42186, 201), "'deploy'": ('ran (201 hostcalls)', 41681, 201)}
no-vsetvli	V5QuoteVerifier/benchmarks_single-file_V5QuoteVerifier.sol.V4QuoteVerifier.optimized.ll	317408	65876	4385	89749	0.06345175008755177	3999883	2		{"'call'": ('NotEnoughGas', 1999941, 6), "'deploy'": ('NotEnoughGas', 1999942, 8)}
no-vsetvli	V5QuoteVerifier/benchmarks_single-file_V5QuoteVerifier.sol.V5QuoteVerifier.optimized.ll	328376	67746	4321	93085	0.04881837498396635	2003200	2		{"'call'": ('ran (201 hostcalls)', 3257, 201), "'deploy'": ('NotEnoughGas', 1999943, 8)}
no-vsetvli	V5QuoteVerifier/benchmarks_single-file_V5QuoteVerifier.sol.X509CRLHelper.optimized.ll	109632	20972	2241	28749	0.01635008305311203	82924	2		{"'call'": ('ran (201 hostcalls)', 41765, 201), "'deploy'": ('ran (201 hostcalls)', 41159, 201)}
no-vsetvli	V5QuoteVerifier/benchmarks_single-file_V5QuoteVerifier.sol.X509Helper.optimized.ll	113520	20774	2625	29760	0.013578082900494337	82918	2		{"'call'": ('ran (201 hostcalls)', 41763, 201), "'deploy'": ('ran (201 hostcalls)', 41155, 201)}
no-vsetvli	WETH9/benchmarks_single-file_WETH9.sol.WETH9.optimized.ll	52096	9258	833	11513	0.013238792074844241	4164	2		{"'call'": ('Trap', 2021, 32), "'deploy'": ('Trap', 2143, 35)}
no-vsetvli	WETH9/benchmarks_single-file_WETH9.sol.WETHBenchmark.optimized.ll	26888	3884	705	4581	0.0118005839176476	14003	2		{"'call'": ('ran (201 hostcalls)', 4314, 201), "'deploy'": ('ran (201 hostcalls)', 9689, 201)}
no-vsetvli	XENCrypto/benchmarks_single-file_XENCrypto.sol.ABDKMath64x64.optimized.ll	16208	1454	449	1205	0.011367958039045334	3720	2		{"'call'": ('ran (201 hostcalls)', 1808, 201), "'deploy'": ('ran (201 hostcalls)', 1912, 201)}
no-vsetvli	XENCrypto/benchmarks_single-file_XENCrypto.sol.BadBurner.optimized.ll	70784	12784	1601	16806	0.016653958009555936	2001444	2		{"'call'": ('NotEnoughGas', 1999961, 6), "'deploy'": ('ran (201 hostcalls)', 1483, 201)}
no-vsetvli	XENCrypto/benchmarks_single-file_XENCrypto.sol.Burner.optimized.ll	76544	13804	1761	17495	0.015386583050712943	2001059	2		{"'call'": ('NotEnoughGas', 1999975, 6), "'deploy'": ('ran (201 hostcalls)', 1084, 201)}
no-vsetvli	XENCrypto/benchmarks_single-file_XENCrypto.sol.ERC20.optimized.ll	64592	11832	1473	14953	0.025339999934658408	19173	2		{"'call'": ('ran (201 hostcalls)', 17947, 201), "'deploy'": ('ran (201 hostcalls)', 1226, 201)}
no-vsetvli	XENCrypto/benchmarks_single-file_XENCrypto.sol.RevertingBurner.optimized.ll	71536	12886	1601	16623	0.013775208964943886	2001459	2		{"'call'": ('NotEnoughGas', 1999976, 6), "'deploy'": ('ran (201 hostcalls)', 1483, 201)}
no-vsetvli	XENCrypto/benchmarks_single-file_XENCrypto.sol.XENCrypto.optimized.ll	219288	40636	3617		0.010707832989282906			link: ERROR: failed to link "/var/folders/q3/6k5957fd0d1b1gn0t9gmr0380000gn/T/tmpomm8l3rs.ll.o": found undefined symbol: 'benchmarks/single-file/XENCrypto.sol:XENMath	
no-vsetvli	XENCrypto/benchmarks_single-file_XENCrypto.sol.XENCrypto100001.optimized.ll	209120	38510	3489	52102	0.025322583969682455	5649	2		{"'call'": ('ran (201 hostcalls)', 4499, 201), "'deploy'": ('ran (201 hostcalls)', 1150, 201)}
no-vsetvli	XENCrypto/benchmarks_single-file_XENCrypto.sol.XENCrypto25mm1.optimized.ll	209120	38514	3489	52102	0.028070750064216554	5649	2		{"'call'": ('ran (201 hostcalls)', 4499, 201), "'deploy'": ('ran (201 hostcalls)', 1150, 201)}
no-vsetvli	XENCrypto/benchmarks_single-file_XENCrypto.sol.XENCrypto5001.optimized.ll	209120	38510	3489	52102	0.03856074996292591	5649	2		{"'call'": ('ran (201 hostcalls)', 4499, 201), "'deploy'": ('ran (201 hostcalls)', 1150, 201)}
no-vsetvli	XENCrypto/benchmarks_single-file_XENCrypto.sol.XENMath.optimized.ll	20392	2684	481	2497	0.00936354196164757	18504	2		{"'call'": ('ran (201 hostcalls)', 9317, 201), "'deploy'": ('ran (201 hostcalls)', 9187, 201)}
vsetvli-noMO	AutomataDcapAttestationFee/benchmarks_single-file_AutomataDcapAttestationFee.sol.Asn1Decode.optimized.ll	16256	1486	449	1224	0.015239625005051494	3726	2		{"'call'": ('ran (201 hostcalls)', 1808, 201), "'deploy'": ('ran (201 hostcalls)', 1918, 201)}
vsetvli-noMO	AutomataDcapAttestationFee/benchmarks_single-file_AutomataDcapAttestationFee.sol.AutomataDcapAttestationFee.optimized.ll	93584	21716	2081	23262	0.015780583024024963	51003	2		{"'call'": ('ran (201 hostcalls)', 49740, 201), "'deploy'": ('Trap', 1263, 12)}
vsetvli-noMO	AutomataDcapAttestationFee/benchmarks_single-file_AutomataDcapAttestationFee.sol.BELE.optimized.ll	16248	1486	449	1224	0.008509875042364001	3726	2		{"'call'": ('ran (201 hostcalls)', 1808, 201), "'deploy'": ('ran (201 hostcalls)', 1918, 201)}
vsetvli-noMO	AutomataDcapAttestationFee/benchmarks_single-file_AutomataDcapAttestationFee.sol.BytesUtils.optimized.ll	16256	1486	449	1224	0.008400792023167014	3726	2		{"'call'": ('ran (201 hostcalls)', 1808, 201), "'deploy'": ('ran (201 hostcalls)', 1918, 201)}
vsetvli-noMO	AutomataDcapAttestationFee/benchmarks_single-file_AutomataDcapAttestationFee.sol.DateTimeLib.optimized.ll	16256	1486	449	1224	0.008474249974824488	3726	2		{"'call'": ('ran (201 hostcalls)', 1808, 201), "'deploy'": ('ran (201 hostcalls)', 1918, 201)}
vsetvli-noMO	AutomataDcapAttestationFee/benchmarks_single-file_AutomataDcapAttestationFee.sol.DateTimeUtils.optimized.ll	16256	1486	449	1224	0.00818966596852988	3726	2		{"'call'": ('ran (201 hostcalls)', 1808, 201), "'deploy'": ('ran (201 hostcalls)', 1918, 201)}
vsetvli-noMO	AutomataDcapAttestationFee/benchmarks_single-file_AutomataDcapAttestationFee.sol.EnclaveIdentityHelper.optimized.ll	133856	34450	3393	36546	0.021148208063095808	11815	2		{"'call'": ('ran (201 hostcalls)', 5878, 201), "'deploy'": ('ran (201 hostcalls)', 5937, 201)}
vsetvli-noMO	AutomataDcapAttestationFee/benchmarks_single-file_AutomataDcapAttestationFee.sol.FmspcTcbHelper.optimized.ll	225936	62772	4033	64389	0.048546791076660156	2000283	2		{"'call'": ('NotEnoughGas', 1999997, 6), "'deploy'": ('Trap', 286, 5)}
vsetvli-noMO	AutomataDcapAttestationFee/benchmarks_single-file_AutomataDcapAttestationFee.sol.JSONParserLib.optimized.ll	16256	1486	449	1224	0.007997707929462194	3726	2		{"'call'": ('ran (201 hostcalls)', 1808, 201), "'deploy'": ('ran (201 hostcalls)', 1918, 201)}
vsetvli-noMO	AutomataDcapAttestationFee/benchmarks_single-file_AutomataDcapAttestationFee.sol.LibBytes.optimized.ll	16248	1486	449	1224	0.01052395801525563	3726	2		{"'call'": ('ran (201 hostcalls)', 1808, 201), "'deploy'": ('ran (201 hostcalls)', 1918, 201)}
vsetvli-noMO	AutomataDcapAttestationFee/benchmarks_single-file_AutomataDcapAttestationFee.sol.LibString.optimized.ll	16256	1486	449	1224	0.012083417037501931	3726	2		{"'call'": ('ran (201 hostcalls)', 1808, 201), "'deploy'": ('ran (201 hostcalls)', 1918, 201)}
vsetvli-noMO	AutomataDcapAttestationFee/benchmarks_single-file_AutomataDcapAttestationFee.sol.NodePtr.optimized.ll	16248	1486	449	1224	0.02300058293621987	3726	2		{"'call'": ('ran (201 hostcalls)', 1808, 201), "'deploy'": ('ran (201 hostcalls)', 1918, 201)}
vsetvli-noMO	AutomataDcapAttestationFee/benchmarks_single-file_AutomataDcapAttestationFee.sol.OutputLib.optimized.ll	16256	1486	449	1224	0.009875249932520092	3726	2		{"'call'": ('ran (201 hostcalls)', 1808, 201), "'deploy'": ('ran (201 hostcalls)', 1918, 201)}
vsetvli-noMO	AutomataDcapAttestationFee/benchmarks_single-file_AutomataDcapAttestationFee.sol.ReceiptClaimLib.optimized.ll	16256	1486	449	1224	0.014378500054590404	3726	2		{"'call'": ('ran (201 hostcalls)', 1808, 201), "'deploy'": ('ran (201 hostcalls)', 1918, 201)}
vsetvli-noMO	AutomataDcapAttestationFee/benchmarks_single-file_AutomataDcapAttestationFee.sol.SystemStateLib.optimized.ll	16256	1486	449	1224	0.009970083017833531	3726	2		{"'call'": ('ran (201 hostcalls)', 1808, 201), "'deploy'": ('ran (201 hostcalls)', 1918, 201)}
vsetvli-noMO	AutomataDcapAttestationFee/benchmarks_single-file_AutomataDcapAttestationFee.sol.X509CRLHelper.optimized.ll	106256	26408	2241	28119	0.03421366598922759	84496	2		{"'call'": ('ran (201 hostcalls)', 42556, 201), "'deploy'": ('ran (201 hostcalls)', 41940, 201)}
vsetvli-noMO	AutomataDcapAttestationFee/benchmarks_single-file_AutomataDcapAttestationFee.sol.X509Helper.optimized.ll	109368	26770	2625	29153	0.02926070906687528	84492	2		{"'call'": ('ran (201 hostcalls)', 42554, 201), "'deploy'": ('ran (201 hostcalls)', 41938, 201)}
vsetvli-noMO	DaimoP256Verifier/benchmarks_single-file_DaimoP256Verifier.sol.DaimoP256Verifier.optimized.ll	39952	7300	1409	7728	0.020481124985963106	232270	2		{"'call'": ('ran (201 hostcalls)', 116950, 201), "'deploy'": ('ran (201 hostcalls)', 115320, 201)}
vsetvli-noMO	ERC20/benchmarks_single-file_ERC20.sol.ERC20.optimized.ll	61720	14080	1089	13868	0.02377379103563726	10032	2		{"'call'": ('ran (201 hostcalls)', 5029, 201), "'deploy'": ('ran (201 hostcalls)', 5003, 201)}
vsetvli-noMO	ERC20Factory/benchmarks_single-file_ERC20Factory.sol.ERC20.optimized.ll	61728	14080	1089	13868	0.025680292048491538	10032	2		{"'call'": ('ran (201 hostcalls)', 5029, 201), "'deploy'": ('ran (201 hostcalls)', 5003, 201)}
vsetvli-noMO	ERC20Factory/benchmarks_single-file_ERC20Factory.sol.ERC20Factory.optimized.ll	23232	3264	577		0.03273912495933473			link: ERROR: failed to link "/var/folders/q3/6k5957fd0d1b1gn0t9gmr0380000gn/T/tmp4yk5amuc.ll.o": found undefined symbol: 'benchmarks/single-file/ERC20Factory.sol:ERC2	
vsetvli-noMO	Festival/benchmarks_single-file_Festival.sol.Arrays.optimized.ll	16232	1486	449	1224	0.025182124925777316	3726	2		{"'call'": ('ran (201 hostcalls)', 1808, 201), "'deploy'": ('ran (201 hostcalls)', 1918, 201)}
vsetvli-noMO	Festival/benchmarks_single-file_Festival.sol.Bytes.optimized.ll	16232	1486	449	1224	0.03169437497854233	3726	2		{"'call'": ('ran (201 hostcalls)', 1808, 201), "'deploy'": ('ran (201 hostcalls)', 1918, 201)}
vsetvli-noMO	Festival/benchmarks_single-file_Festival.sol.Comparators.optimized.ll	16240	1486	449	1224	0.03601879195775837	3726	2		{"'call'": ('ran (201 hostcalls)', 1808, 201), "'deploy'": ('ran (201 hostcalls)', 1918, 201)}
vsetvli-noMO	Festival/benchmarks_single-file_Festival.sol.ERC721Utils.optimized.ll	16240	1486	449	1224	0.014382041990756989	3726	2		{"'call'": ('ran (201 hostcalls)', 1808, 201), "'deploy'": ('ran (201 hostcalls)', 1918, 201)}
vsetvli-noMO	Festival/benchmarks_single-file_Festival.sol.EnumerableSet.optimized.ll	16240	1486	449	1224	0.014381499961018562	3726	2		{"'call'": ('ran (201 hostcalls)', 1808, 201), "'deploy'": ('ran (201 hostcalls)', 1918, 201)}
vsetvli-noMO	Festival/benchmarks_single-file_Festival.sol.Festival.optimized.ll	270176	66838	4865		0.009514375007711351			link: ERROR: failed to link "/var/folders/q3/6k5957fd0d1b1gn0t9gmr0380000gn/T/tmpjfnx7v_w.ll.o": found undefined symbol: 'benchmarks/single-file/Festival.sol:Festival	
vsetvli-noMO	Festival/benchmarks_single-file_Festival.sol.FestivalSession.optimized.ll	218872	53638	4001	53810	0.03345391701441258	21568	2		{"'call'": ('ran (201 hostcalls)', 20470, 201), "'deploy'": ('ran (201 hostcalls)', 1098, 201)}
vsetvli-noMO	Festival/benchmarks_single-file_Festival.sol.Math.optimized.ll	16232	1486	449	1224	0.020866125007160008	3726	2		{"'call'": ('ran (201 hostcalls)', 1808, 201), "'deploy'": ('ran (201 hostcalls)', 1918, 201)}
vsetvli-noMO	Festival/benchmarks_single-file_Festival.sol.Panic.optimized.ll	16232	1486	449	1224	0.00948245800100267	3726	2		{"'call'": ('ran (201 hostcalls)', 1808, 201), "'deploy'": ('ran (201 hostcalls)', 1918, 201)}
vsetvli-noMO	Festival/benchmarks_single-file_Festival.sol.SafeCast.optimized.ll	16232	1486	449	1224	0.009999583009630442	3726	2		{"'call'": ('ran (201 hostcalls)', 1808, 201), "'deploy'": ('ran (201 hostcalls)', 1918, 201)}
vsetvli-noMO	Festival/benchmarks_single-file_Festival.sol.SignedMath.optimized.ll	16232	1486	449	1224	0.008832375053316355	3726	2		{"'call'": ('ran (201 hostcalls)', 1808, 201), "'deploy'": ('ran (201 hostcalls)', 1918, 201)}
vsetvli-noMO	Festival/benchmarks_single-file_Festival.sol.SlotDerivation.optimized.ll	16240	1486	449	1224	0.018808625056408346	3726	2		{"'call'": ('ran (201 hostcalls)', 1808, 201), "'deploy'": ('ran (201 hostcalls)', 1918, 201)}
vsetvli-noMO	Festival/benchmarks_single-file_Festival.sol.StorageSlot.optimized.ll	16240	1486	449	1224	0.010312833008356392	3726	2		{"'call'": ('ran (201 hostcalls)', 1808, 201), "'deploy'": ('ran (201 hostcalls)', 1918, 201)}
vsetvli-noMO	Festival/benchmarks_single-file_Festival.sol.Strings.optimized.ll	16232	1486	449	1224	0.009876957978121936	3726	2		{"'call'": ('ran (201 hostcalls)', 1808, 201), "'deploy'": ('ran (201 hostcalls)', 1918, 201)}
vsetvli-noMO	FiatTokenV1/benchmarks_single-file_FiatTokenV1.sol.Address.optimized.ll	16232	1486	449	1224	0.015356707968749106	3726	2		{"'call'": ('ran (201 hostcalls)', 1808, 201), "'deploy'": ('ran (201 hostcalls)', 1918, 201)}
vsetvli-noMO	FiatTokenV1/benchmarks_single-file_FiatTokenV1.sol.ECRecover.optimized.ll	16240	1486	449	1224	0.019367999979294837	3726	2		{"'call'": ('ran (201 hostcalls)', 1808, 201), "'deploy'": ('ran (201 hostcalls)', 1918, 201)}
vsetvli-noMO	FiatTokenV1/benchmarks_single-file_FiatTokenV1.sol.EIP712.optimized.ll	16232	1486	449	1224	0.014668249990791082	3726	2		{"'call'": ('ran (201 hostcalls)', 1808, 201), "'deploy'": ('ran (201 hostcalls)', 1918, 201)}
vsetvli-noMO	FiatTokenV1/benchmarks_single-file_FiatTokenV1.sol.EIP712Domain.optimized.ll	17776	1718	481	1569	0.017841791035607457	23715	2		{"'call'": ('ran (201 hostcalls)', 11862, 201), "'deploy'": ('ran (201 hostcalls)', 11853, 201)}
vsetvli-noMO	FiatTokenV1/benchmarks_single-file_FiatTokenV1.sol.FiatTokenV1.optimized.ll	153304	36592	3553	36045	0.023443375015631318	3999995	2		{"'call'": ('NotEnoughGas', 1999998, 3), "'deploy'": ('NotEnoughGas', 1999997, 12)}
vsetvli-noMO	FiatTokenV1/benchmarks_single-file_FiatTokenV1.sol.FiatTokenV1_1.optimized.ll	165512	37878	4577	43097	0.02549641695804894	41926	2		{"'call'": ('ran (201 hostcalls)', 21341, 201), "'deploy'": ('ran (201 hostcalls)', 20585, 201)}
vsetvli-noMO	FiatTokenV1/benchmarks_single-file_FiatTokenV1.sol.FiatTokenV2.optimized.ll	233288	55914	5697		0.010511541971936822			link: ERROR: failed to link "/var/folders/q3/6k5957fd0d1b1gn0t9gmr0380000gn/T/tmpstzw0rf3.ll.o": found undefined symbol: 'benchmarks/single-file/FiatTokenV1.sol:Signa	
vsetvli-noMO	FiatTokenV1/benchmarks_single-file_FiatTokenV1.sol.FiatTokenV2_1.optimized.ll	237104	56876	5729		0.010188915999606252			link: ERROR: failed to link "/var/folders/q3/6k5957fd0d1b1gn0t9gmr0380000gn/T/tmp3t1pytfs.ll.o": found undefined symbol: 'benchmarks/single-file/FiatTokenV1.sol:Signa	
vsetvli-noMO	FiatTokenV1/benchmarks_single-file_FiatTokenV1.sol.FiatTokenV2_2.optimized.ll	245776	59784	6401		0.007156459032557905			link: ERROR: failed to link "/var/folders/q3/6k5957fd0d1b1gn0t9gmr0380000gn/T/tmprpa9btaz.ll.o": found undefined symbol: 'benchmarks/single-file/FiatTokenV1.sol:Signa	
vsetvli-noMO	FiatTokenV1/benchmarks_single-file_FiatTokenV1.sol.MessageHashUtils.optimized.ll	16248	1486	449	1224	0.009831042028963566	3726	2		{"'call'": ('ran (201 hostcalls)', 1808, 201), "'deploy'": ('ran (201 hostcalls)', 1918, 201)}
vsetvli-noMO	FiatTokenV1/benchmarks_single-file_FiatTokenV1.sol.Ownable.optimized.ll	24544	3496	737	3742	0.009739291039295495	30466	2		{"'call'": ('ran (201 hostcalls)', 15332, 201), "'deploy'": ('ran (201 hostcalls)', 15134, 201)}
vsetvli-noMO	FiatTokenV1/benchmarks_single-file_FiatTokenV1.sol.Pausable.optimized.ll	33928	5790	1121	6420	0.0129987079417333	3999995	2		{"'call'": ('NotEnoughGas', 1999996, 5), "'deploy'": ('NotEnoughGas', 1999999, 13)}
vsetvli-noMO	FiatTokenV1/benchmarks_single-file_FiatTokenV1.sol.Rescuable.optimized.ll	39448	7448	1217	8345	0.011755082989111543	3999995	2		{"'call'": ('NotEnoughGas', 1999996, 5), "'deploy'": ('NotEnoughGas', 1999999, 11)}
vsetvli-noMO	FiatTokenV1/benchmarks_single-file_FiatTokenV1.sol.SafeERC20.optimized.ll	16240	1486	449	1224	0.009416416985914111	3726	2		{"'call'": ('ran (201 hostcalls)', 1808, 201), "'deploy'": ('ran (201 hostcalls)', 1918, 201)}
vsetvli-noMO	FiatTokenV1/benchmarks_single-file_FiatTokenV1.sol.SafeMath.optimized.ll	16240	1486	449	1224	0.014921333058737218	3726	2		{"'call'": ('ran (201 hostcalls)', 1808, 201), "'deploy'": ('ran (201 hostcalls)', 1918, 201)}
vsetvli-noMO	FiatTokenV1/benchmarks_single-file_FiatTokenV1.sol.SignatureChecker.optimized.ll	33184	5942	1025	6248	0.008077584090642631	3999963	2		{"'call'": ('NotEnoughGas', 1999997, 4), "'deploy'": ('NotEnoughGas', 1999966, 9)}
vsetvli-noMO	Multicall3/benchmarks_single-file_Multicall3.sol.Multicall3.optimized.ll	58784	14498	897	15583	0.014120792038738728	3999991	2		{"'call'": ('NotEnoughGas', 1999997, 12), "'deploy'": ('NotEnoughGas', 1999994, 15)}
vsetvli-noMO	P2PMarket/benchmarks_single-file_P2PMarket.sol.P2PMarket.optimized.ll	308784	86984	3553	81336	0.04232308303471655	25754	2		{"'call'": ('Trap', 162, 2), "'deploy'": ('ran (201 hostcalls)', 25592, 201)}
vsetvli-noMO	Sha256/benchmarks_single-file_Sha256.sol.Sha256.optimized.ll	32832	6588	1217	6303	0.02304279210511595	3999942	2		{"'call'": ('NotEnoughGas', 1999973, 3), "'deploy'": ('NotEnoughGas', 1999969, 6)}
vsetvli-noMO	SnapshotPCCSRouter/benchmarks_single-file_SnapshotPCCSRouter.sol.Asn1Decode.optimized.ll	16248	1486	449	1224	0.027070082956925035	3726	2		{"'call'": ('ran (201 hostcalls)', 1808, 201), "'deploy'": ('ran (201 hostcalls)', 1918, 201)}
vsetvli-noMO	SnapshotPCCSRouter/benchmarks_single-file_SnapshotPCCSRouter.sol.BytesUtils.optimized.ll	16248	1486	449	1224	0.013072750065475702	3726	2		{"'call'": ('ran (201 hostcalls)', 1808, 201), "'deploy'": ('ran (201 hostcalls)', 1918, 201)}
vsetvli-noMO	SnapshotPCCSRouter/benchmarks_single-file_SnapshotPCCSRouter.sol.DateTimeLib.optimized.ll	16248	1486	449	1224	0.010263292002491653	3726	2		{"'call'": ('ran (201 hostcalls)', 1808, 201), "'deploy'": ('ran (201 hostcalls)', 1918, 201)}
vsetvli-noMO	SnapshotPCCSRouter/benchmarks_single-file_SnapshotPCCSRouter.sol.DateTimeUtils.optimized.ll	16248	1486	449	1224	0.013438374968245625	3726	2		{"'call'": ('ran (201 hostcalls)', 1808, 201), "'deploy'": ('ran (201 hostcalls)', 1918, 201)}
vsetvli-noMO	SnapshotPCCSRouter/benchmarks_single-file_SnapshotPCCSRouter.sol.EnclaveIdentityHelper.optimized.ll	133848	34450	3393	36546	0.024653667001985013	11815	2		{"'call'": ('ran (201 hostcalls)', 5878, 201), "'deploy'": ('ran (201 hostcalls)', 5937, 201)}
vsetvli-noMO	SnapshotPCCSRouter/benchmarks_single-file_SnapshotPCCSRouter.sol.FmspcTcbHelper.optimized.ll	225904	62772	4033	64367	0.03811158298049122	2000283	2		{"'call'": ('NotEnoughGas', 1999997, 6), "'deploy'": ('Trap', 286, 5)}
vsetvli-noMO	SnapshotPCCSRouter/benchmarks_single-file_SnapshotPCCSRouter.sol.JSONParserLib.optimized.ll	16248	1486	449	1224	0.01149612502194941	3726	2		{"'call'": ('ran (201 hostcalls)', 1808, 201), "'deploy'": ('ran (201 hostcalls)', 1918, 201)}
vsetvli-noMO	SnapshotPCCSRouter/benchmarks_single-file_SnapshotPCCSRouter.sol.LibBytes.optimized.ll	16240	1486	449	1224	0.010982415988110006	3726	2		{"'call'": ('ran (201 hostcalls)', 1808, 201), "'deploy'": ('ran (201 hostcalls)', 1918, 201)}
vsetvli-noMO	SnapshotPCCSRouter/benchmarks_single-file_SnapshotPCCSRouter.sol.LibString.optimized.ll	16248	1486	449	1224	0.00798745802603662	3726	2		{"'call'": ('ran (201 hostcalls)', 1808, 201), "'deploy'": ('ran (201 hostcalls)', 1918, 201)}
vsetvli-noMO	SnapshotPCCSRouter/benchmarks_single-file_SnapshotPCCSRouter.sol.NodePtr.optimized.ll	16240	1486	449	1224	0.010623542009852827	3726	2		{"'call'": ('ran (201 hostcalls)', 1808, 201), "'deploy'": ('ran (201 hostcalls)', 1918, 201)}
vsetvli-noMO	SnapshotPCCSRouter/benchmarks_single-file_SnapshotPCCSRouter.sol.SnapshotPCCSRouter.optimized.ll	177000	36812	5921	40858	0.02759874996263534	3999942	2		{"'call'": ('NotEnoughGas', 1999994, 3), "'deploy'": ('NotEnoughGas', 1999948, 9)}
vsetvli-noMO	SnapshotPCCSRouter/benchmarks_single-file_SnapshotPCCSRouter.sol.X509CRLHelper.optimized.ll	106248	26408	2241	28119	0.015154834021814167	84496	2		{"'call'": ('ran (201 hostcalls)', 42556, 201), "'deploy'": ('ran (201 hostcalls)', 41940, 201)}
vsetvli-noMO	SnapshotPCCSRouter/benchmarks_single-file_SnapshotPCCSRouter.sol.X509Helper.optimized.ll	109352	26770	2625	29152	0.01943445799406618	84492	2		{"'call'": ('ran (201 hostcalls)', 42554, 201), "'deploy'": ('ran (201 hostcalls)', 41938, 201)}
vsetvli-noMO	T3rminalDriver/benchmarks_single-file_T3rminalDriver.sol.T3rminalBulletinIndex.optimized.ll	70032	16760	1057	15826	0.016602625022642314	4000000	2		{"'call'": ('NotEnoughGas', 2000000, 3), "'deploy'": ('NotEnoughGas', 2000000, 9)}
vsetvli-noMO	T3rminalDriver/benchmarks_single-file_T3rminalDriver.sol.T3rminalDriver.optimized.ll	61072	14292	1249	14175	0.01259412500075996	18255	2		{"'call'": ('Trap', 150, 2), "'deploy'": ('ran (201 hostcalls)', 18105, 201)}
vsetvli-noMO	T3rminalDriver/benchmarks_single-file_T3rminalDriver.sol.T3rminalTransactionLog.optimized.ll	196424	53296	1953	47445	0.03566333302296698	34067	2		{"'call'": ('ran (201 hostcalls)', 28984, 201), "'deploy'": ('ran (201 hostcalls)', 5083, 201)}
vsetvli-noMO	TetherToken/benchmarks_single-file_TetherToken.sol.SafeMath.optimized.ll	16240	1486	449	1224	0.012430666945874691	3726	2		{"'call'": ('ran (201 hostcalls)', 1808, 201), "'deploy'": ('ran (201 hostcalls)', 1918, 201)}
vsetvli-noMO	TetherToken/benchmarks_single-file_TetherToken.sol.TetherBenchmark.optimized.ll	26528	4120	673	4468	0.012221792014315724	32999	2		{"'call'": ('ran (201 hostcalls)', 22617, 201), "'deploy'": ('ran (201 hostcalls)', 10382, 201)}
vsetvli-noMO	TetherToken/benchmarks_single-file_TetherToken.sol.TetherToken.optimized.ll	120576	30146	2017	30166	0.020906582940369844	5884	2		{"'call'": ('Trap', 686, 10), "'deploy'": ('ran (201 hostcalls)', 5198, 201)}
vsetvli-noMO	V5QuoteVerifier/benchmarks_single-file_V5QuoteVerifier.sol.Asn1Decode.optimized.ll	16240	1486	449	1224	0.007847415981814265	3726	2		{"'call'": ('ran (201 hostcalls)', 1808, 201), "'deploy'": ('ran (201 hostcalls)', 1918, 201)}
vsetvli-noMO	V5QuoteVerifier/benchmarks_single-file_V5QuoteVerifier.sol.BELE.optimized.ll	16240	1486	449	1224	0.013314667041413486	3726	2		{"'call'": ('ran (201 hostcalls)', 1808, 201), "'deploy'": ('ran (201 hostcalls)', 1918, 201)}
vsetvli-noMO	V5QuoteVerifier/benchmarks_single-file_V5QuoteVerifier.sol.Base64.optimized.ll	16240	1486	449	1224	0.011927166022360325	3726	2		{"'call'": ('ran (201 hostcalls)', 1808, 201), "'deploy'": ('ran (201 hostcalls)', 1918, 201)}
vsetvli-noMO	V5QuoteVerifier/benchmarks_single-file_V5QuoteVerifier.sol.BytesUtils_0.optimized.ll	16248	1486	449	1224	0.03018350002821535	3726	2		{"'call'": ('ran (201 hostcalls)', 1808, 201), "'deploy'": ('ran (201 hostcalls)', 1918, 201)}
vsetvli-noMO	V5QuoteVerifier/benchmarks_single-file_V5QuoteVerifier.sol.BytesUtils_1.optimized.ll	16248	1486	449	1224	0.019393625087104738	3726	2		{"'call'": ('ran (201 hostcalls)', 1808, 201), "'deploy'": ('ran (201 hostcalls)', 1918, 201)}
vsetvli-noMO	V5QuoteVerifier/benchmarks_single-file_V5QuoteVerifier.sol.DateTimeLib.optimized.ll	16240	1486	449	1224	0.015304208965972066	3726	2		{"'call'": ('ran (201 hostcalls)', 1808, 201), "'deploy'": ('ran (201 hostcalls)', 1918, 201)}
vsetvli-noMO	V5QuoteVerifier/benchmarks_single-file_V5QuoteVerifier.sol.DateTimeUtils.optimized.ll	16248	1486	449	1224	0.016399707994423807	3726	2		{"'call'": ('ran (201 hostcalls)', 1808, 201), "'deploy'": ('ran (201 hostcalls)', 1918, 201)}
vsetvli-noMO	V5QuoteVerifier/benchmarks_single-file_V5QuoteVerifier.sol.EnclaveIdentityHelper.optimized.ll	133848	34450	3393	36546	0.018220625002868474	11815	2		{"'call'": ('ran (201 hostcalls)', 5878, 201), "'deploy'": ('ran (201 hostcalls)', 5937, 201)}
vsetvli-noMO	V5QuoteVerifier/benchmarks_single-file_V5QuoteVerifier.sol.FmspcTcbHelper.optimized.ll	225928	62772	4033	64389	0.04083604202605784	2000283	2		{"'call'": ('NotEnoughGas', 1999997, 6), "'deploy'": ('Trap', 286, 5)}
vsetvli-noMO	V5QuoteVerifier/benchmarks_single-file_V5QuoteVerifier.sol.JSONParserLib.optimized.ll	16248	1486	449	1224	0.023968833964318037	3726	2		{"'call'": ('ran (201 hostcalls)', 1808, 201), "'deploy'": ('ran (201 hostcalls)', 1918, 201)}
vsetvli-noMO	V5QuoteVerifier/benchmarks_single-file_V5QuoteVerifier.sol.LibBytes.optimized.ll	16240	1486	449	1224	0.018362415954470634	3726	2		{"'call'": ('ran (201 hostcalls)', 1808, 201), "'deploy'": ('ran (201 hostcalls)', 1918, 201)}
vsetvli-noMO	V5QuoteVerifier/benchmarks_single-file_V5QuoteVerifier.sol.LibString.optimized.ll	16240	1486	449	1224	0.015153832966461778	3726	2		{"'call'": ('ran (201 hostcalls)', 1808, 201), "'deploy'": ('ran (201 hostcalls)', 1918, 201)}
vsetvli-noMO	V5QuoteVerifier/benchmarks_single-file_V5QuoteVerifier.sol.NodePtr.optimized.ll	16240	1486	449	1224	0.01601962500717491	3726	2		{"'call'": ('ran (201 hostcalls)', 1808, 201), "'deploy'": ('ran (201 hostcalls)', 1918, 201)}
vsetvli-noMO	V5QuoteVerifier/benchmarks_single-file_V5QuoteVerifier.sol.PCKHelper.optimized.ll	129880	32070	3041	34396	0.02221716591157019	85358	2		{"'call'": ('ran (201 hostcalls)', 42987, 201), "'deploy'": ('ran (201 hostcalls)', 42371, 201)}
vsetvli-noMO	V5QuoteVerifier/benchmarks_single-file_V5QuoteVerifier.sol.V4QuoteVerifier.optimized.ll	304624	86240	4385	85491	0.054191250004805624	3999908	2		{"'call'": ('NotEnoughGas', 1999944, 6), "'deploy'": ('NotEnoughGas', 1999964, 8)}
vsetvli-noMO	V5QuoteVerifier/benchmarks_single-file_V5QuoteVerifier.sol.V5QuoteVerifier.optimized.ll	316920	90498	4321	89787	0.05924041697289795	47685	2		{"'call'": ('ran (201 hostcalls)', 43493, 201), "'deploy'": ('ran (201 hostcalls)', 4192, 201)}
vsetvli-noMO	V5QuoteVerifier/benchmarks_single-file_V5QuoteVerifier.sol.X509CRLHelper.optimized.ll	106240	26408	2241	28119	0.0202933750115335	84496	2		{"'call'": ('ran (201 hostcalls)', 42556, 201), "'deploy'": ('ran (201 hostcalls)', 41940, 201)}
vsetvli-noMO	V5QuoteVerifier/benchmarks_single-file_V5QuoteVerifier.sol.X509Helper.optimized.ll	109352	26770	2625	29152	0.017002166947349906	84492	2		{"'call'": ('ran (201 hostcalls)', 42554, 201), "'deploy'": ('ran (201 hostcalls)', 41938, 201)}
vsetvli-noMO	WETH9/benchmarks_single-file_WETH9.sol.WETH9.optimized.ll	52832	11314	833	11510	0.015733292093500495	6790	2		{"'call'": ('Trap', 2102, 32), "'deploy'": ('ran (201 hostcalls)', 4688, 201)}
vsetvli-noMO	WETH9/benchmarks_single-file_WETH9.sol.WETHBenchmark.optimized.ll	27208	4216	705	4768	0.01007333304733038	14906	2		{"'call'": ('ran (201 hostcalls)', 4520, 201), "'deploy'": ('ran (201 hostcalls)', 10386, 201)}
vsetvli-noMO	XENCrypto/benchmarks_single-file_XENCrypto.sol.ABDKMath64x64.optimized.ll	16240	1486	449	1224	0.012361999950371683	3726	2		{"'call'": ('ran (201 hostcalls)', 1808, 201), "'deploy'": ('ran (201 hostcalls)', 1918, 201)}
vsetvli-noMO	XENCrypto/benchmarks_single-file_XENCrypto.sol.BadBurner.optimized.ll	69400	15774	1601	15955	0.017024624976329505	2001492	2		{"'call'": ('NotEnoughGas', 1999995, 6), "'deploy'": ('ran (201 hostcalls)', 1497, 201)}
vsetvli-noMO	XENCrypto/benchmarks_single-file_XENCrypto.sol.Burner.optimized.ll	75432	17314	1761	16929	0.014385292073711753	2001029	2		{"'call'": ('NotEnoughGas', 1999931, 6), "'deploy'": ('ran (201 hostcalls)', 1098, 201)}
vsetvli-noMO	XENCrypto/benchmarks_single-file_XENCrypto.sol.ERC20.optimized.ll	63840	14566	1473	14468	0.0127025410765782	19654	2		{"'call'": ('ran (201 hostcalls)', 18152, 201), "'deploy'": ('ran (201 hostcalls)', 1502, 201)}
vsetvli-noMO	XENCrypto/benchmarks_single-file_XENCrypto.sol.RevertingBurner.optimized.ll	70000	15918	1601	15695	0.018000582931563258	2001429	2		{"'call'": ('NotEnoughGas', 1999932, 6), "'deploy'": ('ran (201 hostcalls)', 1497, 201)}
vsetvli-noMO	XENCrypto/benchmarks_single-file_XENCrypto.sol.XENCrypto.optimized.ll	208304	52802	3617		0.011847582994960248			link: ERROR: failed to link "/var/folders/q3/6k5957fd0d1b1gn0t9gmr0380000gn/T/tmp32eolzw1.ll.o": found undefined symbol: 'benchmarks/single-file/XENCrypto.sol:XENMath	
vsetvli-noMO	XENCrypto/benchmarks_single-file_XENCrypto.sol.XENCrypto100001.optimized.ll	198256	50190	3489		0.02655899990350008			link: ERROR: failed to link "/var/folders/q3/6k5957fd0d1b1gn0t9gmr0380000gn/T/tmpfnmvr9qd.ll.o": could not determine the width of the wide instruction at SourceStack(	
vsetvli-noMO	XENCrypto/benchmarks_single-file_XENCrypto.sol.XENCrypto25mm1.optimized.ll	198256	50194	3489		0.016686249990016222			link: ERROR: failed to link "/var/folders/q3/6k5957fd0d1b1gn0t9gmr0380000gn/T/tmp2spx8sbh.ll.o": could not determine the width of the wide instruction at SourceStack(	
vsetvli-noMO	XENCrypto/benchmarks_single-file_XENCrypto.sol.XENCrypto5001.optimized.ll	198256	50190	3489		0.022769292001612484			link: ERROR: failed to link "/var/folders/q3/6k5957fd0d1b1gn0t9gmr0380000gn/T/tmpludr7sv2.ll.o": could not determine the width of the wide instruction at SourceStack(	
vsetvli-noMO	XENCrypto/benchmarks_single-file_XENCrypto.sol.XENMath.optimized.ll	20480	2796	481	2477	0.08026125002652407	18774	2		{"'call'": ('ran (201 hostcalls)', 9451, 201), "'deploy'": ('ran (201 hostcalls)', 9323, 201)}
vsetvli-MO	AutomataDcapAttestationFee/benchmarks_single-file_AutomataDcapAttestationFee.sol.Asn1Decode.optimized.ll	16256	1486	449	1224	0.07125183392781764	3726	2		{"'call'": ('ran (201 hostcalls)', 1808, 201), "'deploy'": ('ran (201 hostcalls)', 1918, 201)}
vsetvli-MO	AutomataDcapAttestationFee/benchmarks_single-file_AutomataDcapAttestationFee.sol.AutomataDcapAttestationFee.optimized.ll	104112	20690	2081	27267	0.027744582970626652	51232	2		{"'call'": ('ran (201 hostcalls)', 49956, 201), "'deploy'": ('Trap', 1276, 12)}
vsetvli-MO	AutomataDcapAttestationFee/benchmarks_single-file_AutomataDcapAttestationFee.sol.BELE.optimized.ll	16248	1486	449	1224	0.07941029197536409	3726	2		{"'call'": ('ran (201 hostcalls)', 1808, 201), "'deploy'": ('ran (201 hostcalls)', 1918, 201)}
vsetvli-MO	AutomataDcapAttestationFee/benchmarks_single-file_AutomataDcapAttestationFee.sol.BytesUtils.optimized.ll	16256	1486	449	1224	0.013427750091068447	3726	2		{"'call'": ('ran (201 hostcalls)', 1808, 201), "'deploy'": ('ran (201 hostcalls)', 1918, 201)}
vsetvli-MO	AutomataDcapAttestationFee/benchmarks_single-file_AutomataDcapAttestationFee.sol.DateTimeLib.optimized.ll	16256	1486	449	1224	0.010050707962363958	3726	2		{"'call'": ('ran (201 hostcalls)', 1808, 201), "'deploy'": ('ran (201 hostcalls)', 1918, 201)}
vsetvli-MO	AutomataDcapAttestationFee/benchmarks_single-file_AutomataDcapAttestationFee.sol.DateTimeUtils.optimized.ll	16256	1486	449	1224	0.01938958407845348	3726	2		{"'call'": ('ran (201 hostcalls)', 1808, 201), "'deploy'": ('ran (201 hostcalls)', 1918, 201)}
vsetvli-MO	AutomataDcapAttestationFee/benchmarks_single-file_AutomataDcapAttestationFee.sol.EnclaveIdentityHelper.optimized.ll	151880	31302	3393	40536	0.02825929201208055	12222	2		{"'call'": ('ran (201 hostcalls)', 6082, 201), "'deploy'": ('ran (201 hostcalls)', 6140, 201)}
vsetvli-MO	AutomataDcapAttestationFee/benchmarks_single-file_AutomataDcapAttestationFee.sol.FmspcTcbHelper.optimized.ll	268040	57038	4033	77154	0.04487954208161682	2000223	2		{"'call'": ('NotEnoughGas', 1999934, 6), "'deploy'": ('Trap', 289, 5)}
vsetvli-MO	AutomataDcapAttestationFee/benchmarks_single-file_AutomataDcapAttestationFee.sol.JSONParserLib.optimized.ll	16256	1486	449	1224	0.016299874987453222	3726	2		{"'call'": ('ran (201 hostcalls)', 1808, 201), "'deploy'": ('ran (201 hostcalls)', 1918, 201)}
vsetvli-MO	AutomataDcapAttestationFee/benchmarks_single-file_AutomataDcapAttestationFee.sol.LibBytes.optimized.ll	16248	1486	449	1224	0.012931125005707145	3726	2		{"'call'": ('ran (201 hostcalls)', 1808, 201), "'deploy'": ('ran (201 hostcalls)', 1918, 201)}
vsetvli-MO	AutomataDcapAttestationFee/benchmarks_single-file_AutomataDcapAttestationFee.sol.LibString.optimized.ll	16256	1486	449	1224	0.014189625042490661	3726	2		{"'call'": ('ran (201 hostcalls)', 1808, 201), "'deploy'": ('ran (201 hostcalls)', 1918, 201)}
vsetvli-MO	AutomataDcapAttestationFee/benchmarks_single-file_AutomataDcapAttestationFee.sol.NodePtr.optimized.ll	16248	1486	449	1224	0.014002208947204053	3726	2		{"'call'": ('ran (201 hostcalls)', 1808, 201), "'deploy'": ('ran (201 hostcalls)', 1918, 201)}
vsetvli-MO	AutomataDcapAttestationFee/benchmarks_single-file_AutomataDcapAttestationFee.sol.OutputLib.optimized.ll	16256	1486	449	1224	0.018294124980457127	3726	2		{"'call'": ('ran (201 hostcalls)', 1808, 201), "'deploy'": ('ran (201 hostcalls)', 1918, 201)}
vsetvli-MO	AutomataDcapAttestationFee/benchmarks_single-file_AutomataDcapAttestationFee.sol.ReceiptClaimLib.optimized.ll	16256	1486	449	1224	0.014867166057229042	3726	2		{"'call'": ('ran (201 hostcalls)', 1808, 201), "'deploy'": ('ran (201 hostcalls)', 1918, 201)}
vsetvli-MO	AutomataDcapAttestationFee/benchmarks_single-file_AutomataDcapAttestationFee.sol.SystemStateLib.optimized.ll	16256	1486	449	1224	0.013122375006787479	3726	2		{"'call'": ('ran (201 hostcalls)', 1808, 201), "'deploy'": ('ran (201 hostcalls)', 1918, 201)}
vsetvli-MO	AutomataDcapAttestationFee/benchmarks_single-file_AutomataDcapAttestationFee.sol.X509CRLHelper.optimized.ll	121488	24490	2241	32330	0.019306416041217744	84518	2		{"'call'": ('ran (201 hostcalls)', 42567, 201), "'deploy'": ('ran (201 hostcalls)', 41951, 201)}
vsetvli-MO	AutomataDcapAttestationFee/benchmarks_single-file_AutomataDcapAttestationFee.sol.X509Helper.optimized.ll	126224	23758	2625	33157	0.021084000007249415	84512	2		{"'call'": ('ran (201 hostcalls)', 42563, 201), "'deploy'": ('ran (201 hostcalls)', 41949, 201)}
vsetvli-MO	DaimoP256Verifier/benchmarks_single-file_DaimoP256Verifier.sol.DaimoP256Verifier.optimized.ll	40800	7228	1409	7940	0.017077790922485292	232270	2		{"'call'": ('ran (201 hostcalls)', 116950, 201), "'deploy'": ('ran (201 hostcalls)', 115320, 201)}
vsetvli-MO	ERC20/benchmarks_single-file_ERC20.sol.ERC20.optimized.ll	67592	13506	1089	16073	0.012665249989368021	10046	2		{"'call'": ('ran (201 hostcalls)', 5040, 201), "'deploy'": ('ran (201 hostcalls)', 5006, 201)}
vsetvli-MO	ERC20Factory/benchmarks_single-file_ERC20Factory.sol.ERC20.optimized.ll	67600	13506	1089	16073	0.029503874946385622	10046	2		{"'call'": ('ran (201 hostcalls)', 5040, 201), "'deploy'": ('ran (201 hostcalls)', 5006, 201)}
vsetvli-MO	ERC20Factory/benchmarks_single-file_ERC20Factory.sol.ERC20Factory.optimized.ll	23368	3262	577		0.010793042019940913			link: ERROR: failed to link "/var/folders/q3/6k5957fd0d1b1gn0t9gmr0380000gn/T/tmpqg1xzje6.ll.o": found undefined symbol: 'benchmarks/single-file/ERC20Factory.sol:ERC2	
vsetvli-MO	Festival/benchmarks_single-file_Festival.sol.Arrays.optimized.ll	16232	1486	449	1224	0.010637625004164875	3726	2		{"'call'": ('ran (201 hostcalls)', 1808, 201), "'deploy'": ('ran (201 hostcalls)', 1918, 201)}
vsetvli-MO	Festival/benchmarks_single-file_Festival.sol.Bytes.optimized.ll	16232	1486	449	1224	0.010197125026024878	3726	2		{"'call'": ('ran (201 hostcalls)', 1808, 201), "'deploy'": ('ran (201 hostcalls)', 1918, 201)}
vsetvli-MO	Festival/benchmarks_single-file_Festival.sol.Comparators.optimized.ll	16240	1486	449	1224	0.02777387504465878	3726	2		{"'call'": ('ran (201 hostcalls)', 1808, 201), "'deploy'": ('ran (201 hostcalls)', 1918, 201)}
vsetvli-MO	Festival/benchmarks_single-file_Festival.sol.ERC721Utils.optimized.ll	16240	1486	449	1224	0.0279899169690907	3726	2		{"'call'": ('ran (201 hostcalls)', 1808, 201), "'deploy'": ('ran (201 hostcalls)', 1918, 201)}
vsetvli-MO	Festival/benchmarks_single-file_Festival.sol.EnumerableSet.optimized.ll	16240	1486	449	1224	0.025763042038306594	3726	2		{"'call'": ('ran (201 hostcalls)', 1808, 201), "'deploy'": ('ran (201 hostcalls)', 1918, 201)}
vsetvli-MO	Festival/benchmarks_single-file_Festival.sol.Festival.optimized.ll	312056	60016	4865		0.00960649992339313			link: ERROR: failed to link "/var/folders/q3/6k5957fd0d1b1gn0t9gmr0380000gn/T/tmpq_169nn9.ll.o": found undefined symbol: 'benchmarks/single-file/Festival.sol:Festival	
vsetvli-MO	Festival/benchmarks_single-file_Festival.sol.FestivalSession.optimized.ll	248976	47966	4001	64887	0.06924374995287508	21915	2		{"'call'": ('ran (201 hostcalls)', 20817, 201), "'deploy'": ('ran (201 hostcalls)', 1098, 201)}
vsetvli-MO	Festival/benchmarks_single-file_Festival.sol.Math.optimized.ll	16232	1486	449	1224	0.012300417060032487	3726	2		{"'call'": ('ran (201 hostcalls)', 1808, 201), "'deploy'": ('ran (201 hostcalls)', 1918, 201)}
vsetvli-MO	Festival/benchmarks_single-file_Festival.sol.Panic.optimized.ll	16232	1486	449	1224	0.032021583057940006	3726	2		{"'call'": ('ran (201 hostcalls)', 1808, 201), "'deploy'": ('ran (201 hostcalls)', 1918, 201)}
vsetvli-MO	Festival/benchmarks_single-file_Festival.sol.SafeCast.optimized.ll	16232	1486	449	1224	0.023838542052544653	3726	2		{"'call'": ('ran (201 hostcalls)', 1808, 201), "'deploy'": ('ran (201 hostcalls)', 1918, 201)}
vsetvli-MO	Festival/benchmarks_single-file_Festival.sol.SignedMath.optimized.ll	16232	1486	449	1224	0.02561666606925428	3726	2		{"'call'": ('ran (201 hostcalls)', 1808, 201), "'deploy'": ('ran (201 hostcalls)', 1918, 201)}
vsetvli-MO	Festival/benchmarks_single-file_Festival.sol.SlotDerivation.optimized.ll	16240	1486	449	1224	0.019332916010171175	3726	2		{"'call'": ('ran (201 hostcalls)', 1808, 201), "'deploy'": ('ran (201 hostcalls)', 1918, 201)}
vsetvli-MO	Festival/benchmarks_single-file_Festival.sol.StorageSlot.optimized.ll	16240	1486	449	1224	0.020758167025633156	3726	2		{"'call'": ('ran (201 hostcalls)', 1808, 201), "'deploy'": ('ran (201 hostcalls)', 1918, 201)}
vsetvli-MO	Festival/benchmarks_single-file_Festival.sol.Strings.optimized.ll	16232	1486	449	1224	0.03168779204133898	3726	2		{"'call'": ('ran (201 hostcalls)', 1808, 201), "'deploy'": ('ran (201 hostcalls)', 1918, 201)}
vsetvli-MO	FiatTokenV1/benchmarks_single-file_FiatTokenV1.sol.Address.optimized.ll	16232	1486	449	1224	0.02345520898234099	3726	2		{"'call'": ('ran (201 hostcalls)', 1808, 201), "'deploy'": ('ran (201 hostcalls)', 1918, 201)}
vsetvli-MO	FiatTokenV1/benchmarks_single-file_FiatTokenV1.sol.ECRecover.optimized.ll	16240	1486	449	1224	0.01649441698100418	3726	2		{"'call'": ('ran (201 hostcalls)', 1808, 201), "'deploy'": ('ran (201 hostcalls)', 1918, 201)}
vsetvli-MO	FiatTokenV1/benchmarks_single-file_FiatTokenV1.sol.EIP712.optimized.ll	16232	1486	449	1224	0.02919862500857562	3726	2		{"'call'": ('ran (201 hostcalls)', 1808, 201), "'deploy'": ('ran (201 hostcalls)', 1918, 201)}
vsetvli-MO	FiatTokenV1/benchmarks_single-file_FiatTokenV1.sol.EIP712Domain.optimized.ll	17920	1716	481	1643	0.011117791989818215	23715	2		{"'call'": ('ran (201 hostcalls)', 11862, 201), "'deploy'": ('ran (201 hostcalls)', 11853, 201)}
vsetvli-MO	FiatTokenV1/benchmarks_single-file_FiatTokenV1.sol.FiatTokenV1.optimized.ll	176816	31686	3553	42103	0.026985874981619418	3999999	2		{"'call'": ('NotEnoughGas', 1999999, 3), "'deploy'": ('NotEnoughGas', 2000000, 12)}
vsetvli-MO	FiatTokenV1/benchmarks_single-file_FiatTokenV1.sol.FiatTokenV1_1.optimized.ll	193344	32502	4577	50161	0.023041666951030493	44642	2		{"'call'": ('ran (201 hostcalls)', 22723, 201), "'deploy'": ('ran (201 hostcalls)', 21919, 201)}
vsetvli-MO	FiatTokenV1/benchmarks_single-file_FiatTokenV1.sol.FiatTokenV2.optimized.ll	273496	48214	5697		0.00853758305311203			link: ERROR: failed to link "/var/folders/q3/6k5957fd0d1b1gn0t9gmr0380000gn/T/tmp0a3fd4rx.ll.o": found undefined symbol: 'benchmarks/single-file/FiatTokenV1.sol:Signa	
vsetvli-MO	FiatTokenV1/benchmarks_single-file_FiatTokenV1.sol.FiatTokenV2_1.optimized.ll	278136	48894	5729		0.01215654204133898			link: ERROR: failed to link "/var/folders/q3/6k5957fd0d1b1gn0t9gmr0380000gn/T/tmpbzds3qdi.ll.o": found undefined symbol: 'benchmarks/single-file/FiatTokenV1.sol:Signa	
vsetvli-MO	FiatTokenV1/benchmarks_single-file_FiatTokenV1.sol.FiatTokenV2_2.optimized.ll	289376	52090	6401		0.010082166991196573			link: ERROR: failed to link "/var/folders/q3/6k5957fd0d1b1gn0t9gmr0380000gn/T/tmpt45q42n2.ll.o": found undefined symbol: 'benchmarks/single-file/FiatTokenV1.sol:Signa	
vsetvli-MO	FiatTokenV1/benchmarks_single-file_FiatTokenV1.sol.MessageHashUtils.optimized.ll	16248	1486	449	1224	0.00854520802386105	3726	2		{"'call'": ('ran (201 hostcalls)', 1808, 201), "'deploy'": ('ran (201 hostcalls)', 1918, 201)}
vsetvli-MO	FiatTokenV1/benchmarks_single-file_FiatTokenV1.sol.Ownable.optimized.ll	24984	3454	737	3842	0.012946917093358934	30626	2		{"'call'": ('ran (201 hostcalls)', 15412, 201), "'deploy'": ('ran (201 hostcalls)', 15214, 201)}
vsetvli-MO	FiatTokenV1/benchmarks_single-file_FiatTokenV1.sol.Pausable.optimized.ll	36256	5586	1121	7101	0.012360124965198338	3999996	2		{"'call'": ('NotEnoughGas', 1999998, 5), "'deploy'": ('NotEnoughGas', 1999998, 13)}
vsetvli-MO	FiatTokenV1/benchmarks_single-file_FiatTokenV1.sol.Rescuable.optimized.ll	42064	7054	1217	8846	0.015280833002179861	3999995	2		{"'call'": ('NotEnoughGas', 1999997, 5), "'deploy'": ('NotEnoughGas', 1999998, 11)}
vsetvli-MO	FiatTokenV1/benchmarks_single-file_FiatTokenV1.sol.SafeERC20.optimized.ll	16240	1486	449	1224	0.0074078330071642995	3726	2		{"'call'": ('ran (201 hostcalls)', 1808, 201), "'deploy'": ('ran (201 hostcalls)', 1918, 201)}
vsetvli-MO	FiatTokenV1/benchmarks_single-file_FiatTokenV1.sol.SafeMath.optimized.ll	16240	1486	449	1224	0.00897312501911074	3726	2		{"'call'": ('ran (201 hostcalls)', 1808, 201), "'deploy'": ('ran (201 hostcalls)', 1918, 201)}
vsetvli-MO	FiatTokenV1/benchmarks_single-file_FiatTokenV1.sol.SignatureChecker.optimized.ll	34224	5750	1025	6378	0.011643540929071605	3999969	2		{"'call'": ('NotEnoughGas', 1999999, 4), "'deploy'": ('NotEnoughGas', 1999970, 9)}
vsetvli-MO	Multicall3/benchmarks_single-file_Multicall3.sol.Multicall3.optimized.ll	62248	13936	897	16799	0.01767862495034933	3999995	2		{"'call'": ('NotEnoughGas', 1999998, 12), "'deploy'": ('NotEnoughGas', 1999997, 15)}
vsetvli-MO	P2PMarket/benchmarks_single-file_P2PMarket.sol.P2PMarket.optimized.ll	369064	77894	3553	100780	0.07223295897711068	25787	2		{"'call'": ('Trap', 162, 2), "'deploy'": ('ran (201 hostcalls)', 25625, 201)}
vsetvli-MO	Sha256/benchmarks_single-file_Sha256.sol.Sha256.optimized.ll	34488	6374	1217	6519	0.011894750059582293	3999948	2		{"'call'": ('NotEnoughGas', 1999975, 3), "'deploy'": ('NotEnoughGas', 1999973, 6)}
vsetvli-MO	SnapshotPCCSRouter/benchmarks_single-file_SnapshotPCCSRouter.sol.Asn1Decode.optimized.ll	16248	1486	449	1224	0.010697999969124794	3726	2		{"'call'": ('ran (201 hostcalls)', 1808, 201), "'deploy'": ('ran (201 hostcalls)', 1918, 201)}
vsetvli-MO	SnapshotPCCSRouter/benchmarks_single-file_SnapshotPCCSRouter.sol.BytesUtils.optimized.ll	16248	1486	449	1224	0.007923291996121407	3726	2		{"'call'": ('ran (201 hostcalls)', 1808, 201), "'deploy'": ('ran (201 hostcalls)', 1918, 201)}
vsetvli-MO	SnapshotPCCSRouter/benchmarks_single-file_SnapshotPCCSRouter.sol.DateTimeLib.optimized.ll	16248	1486	449	1224	0.009849708061665297	3726	2		{"'call'": ('ran (201 hostcalls)', 1808, 201), "'deploy'": ('ran (201 hostcalls)', 1918, 201)}
vsetvli-MO	SnapshotPCCSRouter/benchmarks_single-file_SnapshotPCCSRouter.sol.DateTimeUtils.optimized.ll	16248	1486	449	1224	0.008607542025856674	3726	2		{"'call'": ('ran (201 hostcalls)', 1808, 201), "'deploy'": ('ran (201 hostcalls)', 1918, 201)}
vsetvli-MO	SnapshotPCCSRouter/benchmarks_single-file_SnapshotPCCSRouter.sol.EnclaveIdentityHelper.optimized.ll	151872	31302	3393	40536	0.03027545800432563	12222	2		{"'call'": ('ran (201 hostcalls)', 6082, 201), "'deploy'": ('ran (201 hostcalls)', 6140, 201)}
vsetvli-MO	SnapshotPCCSRouter/benchmarks_single-file_SnapshotPCCSRouter.sol.FmspcTcbHelper.optimized.ll	268008	57038	4033	77132	0.055991291999816895	2000223	2		{"'call'": ('NotEnoughGas', 1999934, 6), "'deploy'": ('Trap', 289, 5)}
vsetvli-MO	SnapshotPCCSRouter/benchmarks_single-file_SnapshotPCCSRouter.sol.JSONParserLib.optimized.ll	16248	1486	449	1224	0.0115481250686571	3726	2		{"'call'": ('ran (201 hostcalls)', 1808, 201), "'deploy'": ('ran (201 hostcalls)', 1918, 201)}
vsetvli-MO	SnapshotPCCSRouter/benchmarks_single-file_SnapshotPCCSRouter.sol.LibBytes.optimized.ll	16240	1486	449	1224	0.009676416986621916	3726	2		{"'call'": ('ran (201 hostcalls)', 1808, 201), "'deploy'": ('ran (201 hostcalls)', 1918, 201)}
vsetvli-MO	SnapshotPCCSRouter/benchmarks_single-file_SnapshotPCCSRouter.sol.LibString.optimized.ll	16248	1486	449	1224	0.008773665991611779	3726	2		{"'call'": ('ran (201 hostcalls)', 1808, 201), "'deploy'": ('ran (201 hostcalls)', 1918, 201)}
vsetvli-MO	SnapshotPCCSRouter/benchmarks_single-file_SnapshotPCCSRouter.sol.NodePtr.optimized.ll	16240	1486	449	1224	0.008278541034087539	3726	2		{"'call'": ('ran (201 hostcalls)', 1808, 201), "'deploy'": ('ran (201 hostcalls)', 1918, 201)}
vsetvli-MO	SnapshotPCCSRouter/benchmarks_single-file_SnapshotPCCSRouter.sol.SnapshotPCCSRouter.optimized.ll	203000	32550	5921	46460	0.03247037506662309	3999954	2		{"'call'": ('NotEnoughGas', 2000000, 3), "'deploy'": ('NotEnoughGas', 1999954, 9)}
vsetvli-MO	SnapshotPCCSRouter/benchmarks_single-file_SnapshotPCCSRouter.sol.X509CRLHelper.optimized.ll	121480	24490	2241	32330	0.017344792024232447	84518	2		{"'call'": ('ran (201 hostcalls)', 42567, 201), "'deploy'": ('ran (201 hostcalls)', 41951, 201)}
vsetvli-MO	SnapshotPCCSRouter/benchmarks_single-file_SnapshotPCCSRouter.sol.X509Helper.optimized.ll	126216	23758	2625	33156	0.027503374963998795	84512	2		{"'call'": ('ran (201 hostcalls)', 42563, 201), "'deploy'": ('ran (201 hostcalls)', 41949, 201)}
vsetvli-MO	T3rminalDriver/benchmarks_single-file_T3rminalDriver.sol.T3rminalBulletinIndex.optimized.ll	78608	15636	1057	18420	0.01976595795713365	4000000	2		{"'call'": ('NotEnoughGas', 2000000, 3), "'deploy'": ('NotEnoughGas', 2000000, 9)}
vsetvli-MO	T3rminalDriver/benchmarks_single-file_T3rminalDriver.sol.T3rminalDriver.optimized.ll	68600	13424	1249	16631	0.01212475006468594	18255	2		{"'call'": ('Trap', 150, 2), "'deploy'": ('ran (201 hostcalls)', 18105, 201)}
vsetvli-MO	T3rminalDriver/benchmarks_single-file_T3rminalDriver.sol.T3rminalTransactionLog.optimized.ll	234584	46266	1953	57332	0.036113667069002986	34409	2		{"'call'": ('ran (201 hostcalls)', 29314, 201), "'deploy'": ('ran (201 hostcalls)', 5095, 201)}
vsetvli-MO	TetherToken/benchmarks_single-file_TetherToken.sol.SafeMath.optimized.ll	16240	1486	449	1224	0.023423666949383914	3726	2		{"'call'": ('ran (201 hostcalls)', 1808, 201), "'deploy'": ('ran (201 hostcalls)', 1918, 201)}
vsetvli-MO	TetherToken/benchmarks_single-file_TetherToken.sol.TetherBenchmark.optimized.ll	26776	4084	673	4602	0.01956195803359151	32999	2		{"'call'": ('ran (201 hostcalls)', 22617, 201), "'deploy'": ('ran (201 hostcalls)', 10382, 201)}
vsetvli-MO	TetherToken/benchmarks_single-file_TetherToken.sol.TetherToken.optimized.ll	134824	27832	2017	34253	0.028453166014514863	5904	2		{"'call'": ('Trap', 697, 10), "'deploy'": ('ran (201 hostcalls)', 5207, 201)}
vsetvli-MO	V5QuoteVerifier/benchmarks_single-file_V5QuoteVerifier.sol.Asn1Decode.optimized.ll	16240	1486	449	1224	0.010586208081804216	3726	2		{"'call'": ('ran (201 hostcalls)', 1808, 201), "'deploy'": ('ran (201 hostcalls)', 1918, 201)}
vsetvli-MO	V5QuoteVerifier/benchmarks_single-file_V5QuoteVerifier.sol.BELE.optimized.ll	16240	1486	449	1224	0.009016499971039593	3726	2		{"'call'": ('ran (201 hostcalls)', 1808, 201), "'deploy'": ('ran (201 hostcalls)', 1918, 201)}
vsetvli-MO	V5QuoteVerifier/benchmarks_single-file_V5QuoteVerifier.sol.Base64.optimized.ll	16240	1486	449	1224	0.012483416008763015	3726	2		{"'call'": ('ran (201 hostcalls)', 1808, 201), "'deploy'": ('ran (201 hostcalls)', 1918, 201)}
vsetvli-MO	V5QuoteVerifier/benchmarks_single-file_V5QuoteVerifier.sol.BytesUtils_0.optimized.ll	16248	1486	449	1224	0.0102561250096187	3726	2		{"'call'": ('ran (201 hostcalls)', 1808, 201), "'deploy'": ('ran (201 hostcalls)', 1918, 201)}
vsetvli-MO	V5QuoteVerifier/benchmarks_single-file_V5QuoteVerifier.sol.BytesUtils_1.optimized.ll	16248	1486	449	1224	0.012093500001356006	3726	2		{"'call'": ('ran (201 hostcalls)', 1808, 201), "'deploy'": ('ran (201 hostcalls)', 1918, 201)}
vsetvli-MO	V5QuoteVerifier/benchmarks_single-file_V5QuoteVerifier.sol.DateTimeLib.optimized.ll	16240	1486	449	1224	0.011716375011019409	3726	2		{"'call'": ('ran (201 hostcalls)', 1808, 201), "'deploy'": ('ran (201 hostcalls)', 1918, 201)}
vsetvli-MO	V5QuoteVerifier/benchmarks_single-file_V5QuoteVerifier.sol.DateTimeUtils.optimized.ll	16248	1486	449	1224	0.010257499990984797	3726	2		{"'call'": ('ran (201 hostcalls)', 1808, 201), "'deploy'": ('ran (201 hostcalls)', 1918, 201)}
vsetvli-MO	V5QuoteVerifier/benchmarks_single-file_V5QuoteVerifier.sol.EnclaveIdentityHelper.optimized.ll	151864	31302	3393	40536	0.04129441699478775	12222	2		{"'call'": ('ran (201 hostcalls)', 6082, 201), "'deploy'": ('ran (201 hostcalls)', 6140, 201)}
vsetvli-MO	V5QuoteVerifier/benchmarks_single-file_V5QuoteVerifier.sol.FmspcTcbHelper.optimized.ll	268032	57038	4033	77154	0.031405708054080606	2000223	2		{"'call'": ('NotEnoughGas', 1999934, 6), "'deploy'": ('Trap', 289, 5)}
vsetvli-MO	V5QuoteVerifier/benchmarks_single-file_V5QuoteVerifier.sol.JSONParserLib.optimized.ll	16248	1486	449	1224	0.019029834074899554	3726	2		{"'call'": ('ran (201 hostcalls)', 1808, 201), "'deploy'": ('ran (201 hostcalls)', 1918, 201)}
vsetvli-MO	V5QuoteVerifier/benchmarks_single-file_V5QuoteVerifier.sol.LibBytes.optimized.ll	16240	1486	449	1224	0.014469209010712802	3726	2		{"'call'": ('ran (201 hostcalls)', 1808, 201), "'deploy'": ('ran (201 hostcalls)', 1918, 201)}
vsetvli-MO	V5QuoteVerifier/benchmarks_single-file_V5QuoteVerifier.sol.LibString.optimized.ll	16240	1486	449	1224	0.013198875007219613	3726	2		{"'call'": ('ran (201 hostcalls)', 1808, 201), "'deploy'": ('ran (201 hostcalls)', 1918, 201)}
vsetvli-MO	V5QuoteVerifier/benchmarks_single-file_V5QuoteVerifier.sol.NodePtr.optimized.ll	16240	1486	449	1224	0.062448417069390416	3726	2		{"'call'": ('ran (201 hostcalls)', 1808, 201), "'deploy'": ('ran (201 hostcalls)', 1918, 201)}
vsetvli-MO	V5QuoteVerifier/benchmarks_single-file_V5QuoteVerifier.sol.PCKHelper.optimized.ll	150016	28692	3041	39131	0.03335724992211908	85378	2		{"'call'": ('ran (201 hostcalls)', 42996, 201), "'deploy'": ('ran (201 hostcalls)', 42382, 201)}
vsetvli-MO	V5QuoteVerifier/benchmarks_single-file_V5QuoteVerifier.sol.V4QuoteVerifier.optimized.ll	360536	77800	4385	103912	0.06255579204298556	3999917	2		{"'call'": ('NotEnoughGas', 1999949, 6), "'deploy'": ('NotEnoughGas', 1999968, 8)}
vsetvli-MO	V5QuoteVerifier/benchmarks_single-file_V5QuoteVerifier.sol.V5QuoteVerifier.optimized.ll	374440	79996	4321	108292	0.04340579197742045	47709	2		{"'call'": ('ran (201 hostcalls)', 43698, 201), "'deploy'": ('ran (201 hostcalls)', 4011, 201)}
vsetvli-MO	V5QuoteVerifier/benchmarks_single-file_V5QuoteVerifier.sol.X509CRLHelper.optimized.ll	121472	24490	2241	32330	0.023580209002830088	84518	2		{"'call'": ('ran (201 hostcalls)', 42567, 201), "'deploy'": ('ran (201 hostcalls)', 41951, 201)}
vsetvli-MO	V5QuoteVerifier/benchmarks_single-file_V5QuoteVerifier.sol.X509Helper.optimized.ll	126208	23758	2625	33156	0.023994374903850257	84512	2		{"'call'": ('ran (201 hostcalls)', 42563, 201), "'deploy'": ('ran (201 hostcalls)', 41949, 201)}
vsetvli-MO	WETH9/benchmarks_single-file_WETH9.sol.WETH9.optimized.ll	57248	10630	833	13318	0.015657125040888786	6807	2		{"'call'": ('Trap', 2117, 32), "'deploy'": ('ran (201 hostcalls)', 4690, 201)}
vsetvli-MO	WETH9/benchmarks_single-file_WETH9.sol.WETHBenchmark.optimized.ll	27584	4212	705	4898	0.013861624989658594	14906	2		{"'call'": ('ran (201 hostcalls)', 4520, 201), "'deploy'": ('ran (201 hostcalls)', 10386, 201)}
vsetvli-MO	XENCrypto/benchmarks_single-file_XENCrypto.sol.ABDKMath64x64.optimized.ll	16240	1486	449	1224	0.008689792011864483	3726	2		{"'call'": ('ran (201 hostcalls)', 1808, 201), "'deploy'": ('ran (201 hostcalls)', 1918, 201)}
vsetvli-MO	XENCrypto/benchmarks_single-file_XENCrypto.sol.BadBurner.optimized.ll	77096	14646	1601	18594	0.01608462492004037	2001498	2		{"'call'": ('NotEnoughGas', 1999998, 6), "'deploy'": ('ran (201 hostcalls)', 1500, 201)}
vsetvli-MO	XENCrypto/benchmarks_single-file_XENCrypto.sol.Burner.optimized.ll	84432	15980	1761	19833	0.013261499931104481	2001039	2		{"'call'": ('NotEnoughGas', 1999938, 6), "'deploy'": ('ran (201 hostcalls)', 1101, 201)}
vsetvli-MO	XENCrypto/benchmarks_single-file_XENCrypto.sol.ERC20.optimized.ll	69872	13690	1473	16658	0.012904083007015288	19987	2		{"'call'": ('ran (201 hostcalls)', 18482, 201), "'deploy'": ('ran (201 hostcalls)', 1505, 201)}
vsetvli-MO	XENCrypto/benchmarks_single-file_XENCrypto.sol.RevertingBurner.optimized.ll	77608	14746	1601	18372	0.016363625065423548	2001437	2		{"'call'": ('NotEnoughGas', 1999937, 6), "'deploy'": ('ran (201 hostcalls)', 1500, 201)}
vsetvli-MO	XENCrypto/benchmarks_single-file_XENCrypto.sol.XENCrypto.optimized.ll	242272	45896	3617		0.006384290987625718			link: ERROR: failed to link "/var/folders/q3/6k5957fd0d1b1gn0t9gmr0380000gn/T/tmpzzm79fli.ll.o": found undefined symbol: 'benchmarks/single-file/XENCrypto.sol:XENMath	
vsetvli-MO	XENCrypto/benchmarks_single-file_XENCrypto.sol.XENCrypto100001.optimized.ll	230936	43516	3489		0.011797624989412725			link: ERROR: failed to link "/var/folders/q3/6k5957fd0d1b1gn0t9gmr0380000gn/T/tmpj33uvpgd.ll.o": could not determine the width of the wide instruction at SourceStack(	
vsetvli-MO	XENCrypto/benchmarks_single-file_XENCrypto.sol.XENCrypto25mm1.optimized.ll	230960	43520	3489		0.012291540973819792			link: ERROR: failed to link "/var/folders/q3/6k5957fd0d1b1gn0t9gmr0380000gn/T/tmpxnsr2tvd.ll.o": could not determine the width of the wide instruction at SourceStack(	
vsetvli-MO	XENCrypto/benchmarks_single-file_XENCrypto.sol.XENCrypto5001.optimized.ll	230928	43516	3489		0.008757625008001924			link: ERROR: failed to link "/var/folders/q3/6k5957fd0d1b1gn0t9gmr0380000gn/T/tmp36t38xri.ll.o": could not determine the width of the wide instruction at SourceStack(	
vsetvli-MO	XENCrypto/benchmarks_single-file_XENCrypto.sol.XENMath.optimized.ll	20912	2780	481	2722	0.012506042025052011	19040	2		{"'call'": ('ran (201 hostcalls)', 9585, 201), "'deploy'": ('ran (201 hostcalls)', 9455, 201)}
